event_id,train_id,station_id,station_order,actual_timestamp,delay,delay_type,event_type,date
0,0,101,1,29060292.0,20,ini,a,2025/4/2
1,0,101,1,29060292.0,20,ini,d,2025/4/2
2,1,143,1,29060316.0,3,tri,d,2025/4/2
3,1,289,2,29060333.0,4,ini,a,2025/4/2
4,1,289,2,29060334.0,3,tri,d,2025/4/2
5,1,249,3,29060363.0,3,tri,a,2025/4/2
6,1,249,3,29060364.0,2,tri,d,2025/4/2
7,1,10,4,29060376.0,3,tri,a,2025/4/2
8,1,10,4,29060379.0,3,tri,d,2025/4/2
9,1,407,5,29060408.0,4,tri,a,2025/4/2
10,1,407,5,29060409.0,3,tri,d,2025/4/2
11,1,375,6,29060423.0,2,tri,a,2025/4/2
12,1,375,6,29060425.0,1,tri,d,2025/4/2
13,1,363,7,29060495.0,6,tri,a,2025/4/2
14,2,268,1,29068880.0,3,ini,a,2025/4/8
15,2,268,1,29068891.0,14,ini,d,2025/4/8
16,3,386,1,29068891.0,10,ini,d,2025/4/8
17,4,248,1,29068892.0,6,ini,a,2025/4/8
18,5,248,1,29068892.0,22,ini,d,2025/4/8
19,6,248,1,29068892.0,22,ini,d,2025/4/8
20,7,0,2,29068895.0,10,ini,a,2025/4/8
21,8,248,1,29068895.0,17,ini,d,2025/4/8
22,4,248,1,29068898.0,10,ini,d,2025/4/8
23,9,385,1,29068899.0,16,ini,d,2025/4/8
24,7,0,2,29068904.0,19,ini,d,2025/4/8
25,10,231,1,29068905.0,8,ini,d,2025/4/8
26,11,269,1,29068906.0,25,ini,d,2025/4/8
27,12,88,1,29068908.0,11,ini,d,2025/4/8
28,13,287,1,29068910.0,22,ini,a,2025/4/8
29,5,268,2,29068911.0,22,tri,a,2025/4/8
30,13,287,1,29068911.0,21,tri,d,2025/4/8
31,5,268,2,29068912.0,21,tri,d,2025/4/8
32,14,248,1,29068913.0,17,ini,a,2025/4/8
33,14,248,1,29068915.0,17,tri,d,2025/4/8
34,15,287,1,29068916.0,36,ini,a,2025/4/8
35,15,287,1,29068916.0,36,tri,d,2025/4/8
36,16,385,1,29068920.0,16,ini,d,2025/4/8
37,17,44,1,29068921.0,32,ini,a,2025/4/8
38,3,248,2,29068922.0,16,ini,a,2025/4/8
39,17,44,1,29068922.0,31,tri,d,2025/4/8
40,10,88,2,29068923.0,7,tri,a,2025/4/8
41,2,287,2,29068924.0,22,ini,a,2025/4/8
42,10,88,2,29068924.0,5,tri,d,2025/4/8
43,3,248,2,29068924.0,16,tri,d,2025/4/8
44,2,287,2,29068925.0,20,tri,d,2025/4/8
45,11,363,2,29068928.0,26,tri,a,2025/4/8
46,12,269,2,29068930.0,15,ini,a,2025/4/8
47,18,363,1,29068930.0,23,ini,a,2025/4/8
48,12,269,2,29068931.0,14,tri,d,2025/4/8
49,11,363,2,29068932.0,25,tri,d,2025/4/8
50,19,248,1,29068934.0,23,ini,a,2025/4/8
51,20,44,1,29068934.0,40,tri,a,2025/4/8
52,18,363,1,29068936.0,14,tri,d,2025/4/8
53,20,44,1,29068936.0,40,tri,d,2025/4/8
54,19,248,1,29068937.0,18,tri,d,2025/4/8
55,21,363,1,29068938.0,43,ini,a,2025/4/8
56,22,138,1,29068941.0,29,ini,a,2025/4/8
57,22,138,1,29068941.0,29,tri,d,2025/4/8
58,3,268,3,29068944.0,17,tri,a,2025/4/8
59,11,73,3,29068945.0,25,tri,a,2025/4/8
60,23,268,3,29068946.0,25,ini,a,2025/4/8
61,21,363,1,29068946.0,39,tri,d,2025/4/8
62,23,268,3,29068946.0,25,tri,d,2025/4/8
63,11,73,3,29068946.0,24,tri,d,2025/4/8
64,3,268,3,29068947.0,14,tri,d,2025/4/8
65,17,363,2,29068951.0,32,tri,a,2025/4/8
66,24,138,1,29068953.0,6,tri,a,2025/4/8
67,13,363,2,29068954.0,24,tri,a,2025/4/8
68,8,44,2,29068954.0,19,ini,a,2025/4/8
69,17,363,2,29068955.0,28,tri,d,2025/4/8
70,24,138,1,29068955.0,6,tri,d,2025/4/8
71,16,248,2,29068956.0,16,tri,a,2025/4/8
72,8,44,2,29068956.0,19,tri,d,2025/4/8
73,12,363,3,29068958.0,17,ini,a,2025/4/8
74,16,248,2,29068958.0,16,tri,d,2025/4/8
75,13,363,2,29068960.0,23,tri,d,2025/4/8
76,5,269,3,29068961.0,19,ini,a,2025/4/8
77,11,22,4,29068961.0,25,tri,a,2025/4/8
78,10,363,3,29068962.0,6,tri,a,2025/4/8
79,11,22,4,29068962.0,24,tri,d,2025/4/8
80,12,363,3,29068963.0,16,tri,d,2025/4/8
81,5,269,3,29068963.0,19,tri,d,2025/4/8
82,25,363,2,29068967.0,29,tri,a,2025/4/8
83,7,363,3,29068967.0,29,ini,a,2025/4/8
84,14,44,2,29068967.0,13,ini,a,2025/4/8
85,14,44,2,29068968.0,12,tri,d,2025/4/8
86,4,269,2,29068970.0,13,tri,a,2025/4/8
87,10,363,3,29068970.0,7,tri,d,2025/4/8
88,7,363,3,29068970.0,26,tri,d,2025/4/8
89,8,269,3,29068971.0,21,tri,a,2025/4/8
90,24,248,2,29068971.0,8,tri,a,2025/4/8
91,8,269,3,29068971.0,21,tri,d,2025/4/8
92,25,363,2,29068972.0,28,tri,d,2025/4/8
93,24,248,2,29068972.0,6,tri,d,2025/4/8
94,15,363,2,29068973.0,44,tri,a,2025/4/8
95,4,269,2,29068973.0,14,tri,d,2025/4/8
96,2,363,3,29068974.0,29,tri,a,2025/4/8
97,18,133,2,29068975.0,14,tri,a,2025/4/8
98,26,248,1,29068975.0,6,ini,a,2025/4/8
99,15,363,2,29068976.0,42,tri,d,2025/4/8
100,12,74,4,29068977.0,17,tri,a,2025/4/8
101,18,133,2,29068977.0,14,tri,d,2025/4/8
102,26,248,1,29068977.0,6,ini,d,2025/4/8
103,27,363,3,29068978.0,28,tri,a,2025/4/8
104,2,363,3,29068978.0,25,tri,d,2025/4/8
105,12,74,4,29068979.0,12,tri,d,2025/4/8
106,5,363,4,29068981.0,21,tri,a,2025/4/8
107,17,205,3,29068982.0,27,tri,a,2025/4/8
108,17,205,3,29068983.0,26,tri,d,2025/4/8
109,11,163,5,29068984.0,25,tri,a,2025/4/8
110,3,44,4,29068985.0,14,tri,a,2025/4/8
111,5,363,4,29068985.0,16,tri,d,2025/4/8
112,11,163,5,29068985.0,24,tri,d,2025/4/8
113,13,205,3,29068986.0,21,tri,a,2025/4/8
114,8,363,4,29068986.0,21,tri,a,2025/4/8
115,7,73,4,29068987.0,30,tri,a,2025/4/8
116,15,73,3,29068988.0,43,ini,a,2025/4/8
117,13,205,3,29068988.0,21,tri,d,2025/4/8
118,15,73,3,29068988.0,43,tri,d,2025/4/8
119,3,44,4,29068988.0,15,tri,d,2025/4/8
120,8,363,4,29068990.0,16,tri,d,2025/4/8
121,4,363,3,29068991.0,15,tri,a,2025/4/8
122,18,122,3,29068991.0,14,tri,a,2025/4/8
123,7,73,4,29068992.0,33,tri,d,2025/4/8
124,18,122,3,29068992.0,13,tri,d,2025/4/8
125,19,44,2,29068993.0,16,tri,a,2025/4/8
126,19,44,2,29068994.0,15,tri,d,2025/4/8
127,21,122,2,29068995.0,39,tri,a,2025/4/8
128,21,122,2,29068996.0,38,tri,d,2025/4/8
129,14,363,3,29068997.0,13,tri,a,2025/4/8
130,20,311,3,29068997.0,44,tri,a,2025/4/8
131,20,311,3,29068998.0,43,tri,d,2025/4/8
132,10,205,4,29069001.0,10,tri,a,2025/4/8
133,28,311,4,29069001.0,5,ini,a,2025/4/8
134,16,287,3,29069002.0,16,tri,a,2025/4/8
135,8,74,5,29069002.0,15,tri,a,2025/4/8
136,14,363,3,29069002.0,11,tri,d,2025/4/8
137,10,205,4,29069004.0,11,ini,d,2025/4/8
138,28,311,4,29069004.0,5,tri,d,2025/4/8
139,16,287,3,29069004.0,16,tri,d,2025/4/8
140,8,74,5,29069004.0,15,tri,d,2025/4/8
141,17,122,4,29069007.0,25,tri,a,2025/4/8
142,12,133,5,29069008.0,11,tri,a,2025/4/8
143,7,22,5,29069009.0,36,tri,a,2025/4/8
144,12,133,5,29069009.0,10,tri,d,2025/4/8
145,17,122,4,29069009.0,25,tri,d,2025/4/8
146,7,22,5,29069010.0,35,tri,d,2025/4/8
147,5,205,5,29069011.0,14,tri,a,2025/4/8
148,13,122,4,29069012.0,20,tri,a,2025/4/8
149,5,205,5,29069012.0,13,tri,d,2025/4/8
150,20,230,4,29069013.0,43,tri,a,2025/4/8
151,13,122,4,29069013.0,19,tri,d,2025/4/8
152,20,230,4,29069014.0,42,tri,d,2025/4/8
153,11,151,6,29069015.0,24,tri,a,2025/4/8
154,9,363,2,29069016.0,24,tri,a,2025/4/8
155,11,151,6,29069016.0,23,tri,d,2025/4/8
156,3,363,5,29069018.0,17,tri,a,2025/4/8
157,9,363,2,29069019.0,22,tri,d,2025/4/8
158,19,363,3,29069023.0,16,tri,a,2025/4/8
159,12,122,6,29069024.0,11,tri,a,2025/4/8
160,12,122,6,29069025.0,10,tri,d,2025/4/8
161,22,44,2,29069026.0,33,ini,a,2025/4/8
162,2,122,5,29069027.0,25,ini,a,2025/4/8
163,19,363,3,29069027.0,12,tri,d,2025/4/8
164,22,44,2,29069027.0,32,tri,d,2025/4/8
165,2,122,5,29069029.0,24,tri,d,2025/4/8
166,10,122,5,29069030.0,12,tri,a,2025/4/8
167,24,44,2,29069030.0,12,ini,a,2025/4/8
168,24,44,2,29069031.0,11,tri,d,2025/4/8
169,11,150,7,29069033.0,23,tri,a,2025/4/8
170,18,91,4,29069034.0,12,tri,a,2025/4/8
171,26,44,2,29069034.0,10,tri,a,2025/4/8
172,11,150,7,29069034.0,22,tri,d,2025/4/8
173,16,269,4,29069035.0,18,tri,a,2025/4/8
174,10,122,5,29069035.0,3,ini,d,2025/4/8
175,18,91,4,29069035.0,11,tri,d,2025/4/8
176,26,44,2,29069035.0,9,tri,d,2025/4/8
177,5,122,6,29069036.0,12,tri,a,2025/4/8
178,16,269,4,29069037.0,18,tri,d,2025/4/8
179,5,122,6,29069037.0,11,tri,d,2025/4/8
180,21,91,3,29069038.0,38,tri,a,2025/4/8
181,14,133,4,29069038.0,11,tri,a,2025/4/8
182,21,91,3,29069039.0,37,tri,d,2025/4/8
183,14,133,4,29069040.0,11,tri,d,2025/4/8
184,20,108,5,29069043.0,43,tri,a,2025/4/8
185,20,108,5,29069044.0,42,tri,d,2025/4/8
186,7,108,6,29069047.0,36,tri,a,2025/4/8
187,17,91,5,29069048.0,21,tri,a,2025/4/8
188,7,108,6,29069049.0,37,tri,d,2025/4/8
189,17,91,5,29069050.0,21,tri,d,2025/4/8
190,16,363,5,29069054.0,18,tri,a,2025/4/8
191,14,122,5,29069054.0,12,tri,a,2025/4/8
192,11,297,8,29069054.0,22,tri,a,2025/4/8
193,13,91,5,29069055.0,18,tri,a,2025/4/8
194,14,122,5,29069055.0,9,tri,d,2025/4/8
195,11,297,8,29069056.0,22,tri,d,2025/4/8
196,13,91,5,29069057.0,18,tri,d,2025/4/8
197,20,151,6,29069059.0,41,tri,a,2025/4/8
198,20,151,6,29069061.0,41,tri,d,2025/4/8
199,19,133,4,29069063.0,12,tri,a,2025/4/8
200,24,363,4,29069063.0,15,tri,a,2025/4/8
201,7,151,7,29069064.0,35,tri,a,2025/4/8
202,12,91,7,29069065.0,7,tri,a,2025/4/8
203,7,151,7,29069065.0,34,tri,d,2025/4/8
204,19,133,4,29069065.0,12,tri,d,2025/4/8
205,12,91,7,29069066.0,5,tri,d,2025/4/8
206,26,363,3,29069067.0,13,tri,a,2025/4/8
207,21,378,4,29069069.0,38,tri,a,2025/4/8
208,2,91,6,29069069.0,21,tri,a,2025/4/8
209,24,363,4,29069069.0,10,tri,d,2025/4/8
210,21,378,4,29069070.0,37,tri,d,2025/4/8
211,2,91,6,29069070.0,20,tri,d,2025/4/8
212,10,91,6,29069073.0,10,tri,a,2025/4/8
213,26,363,3,29069073.0,9,tri,d,2025/4/8
214,10,91,6,29069074.0,8,tri,d,2025/4/8
215,5,91,7,29069077.0,8,tri,a,2025/4/8
216,5,91,7,29069078.0,7,tri,d,2025/4/8
217,19,122,5,29069080.0,14,tri,a,2025/4/8
218,8,122,6,29069081.0,52,tri,a,2025/4/8
219,8,91,7,29069081.0,7,tri,a,2025/4/8
220,19,122,5,29069082.0,13,tri,d,2025/4/8
221,7,150,8,29069083.0,35,tri,a,2025/4/8
222,8,122,6,29069083.0,52,tri,d,2025/4/8
223,8,91,7,29069083.0,7,tri,d,2025/4/8
224,7,150,8,29069084.0,34,tri,d,2025/4/8
225,18,116,5,29069085.0,11,tri,a,2025/4/8
226,2,317,7,29069085.0,20,tri,a,2025/4/8
227,18,116,5,29069087.0,11,tri,d,2025/4/8
228,2,317,7,29069087.0,20,tri,d,2025/4/8
229,14,91,6,29069093.0,3,tri,a,2025/4/8
230,20,297,7,29069094.0,41,tri,a,2025/4/8
231,14,91,6,29069094.0,1,tri,d,2025/4/8
232,20,297,7,29069095.0,40,tri,d,2025/4/8
233,21,116,5,29069096.0,37,tri,a,2025/4/8
234,21,116,5,29069097.0,36,tri,d,2025/4/8
235,26,205,4,29069099.0,8,tri,a,2025/4/8
236,26,205,4,29069100.0,7,tri,d,2025/4/8
237,17,116,6,29069105.0,26,tri,a,2025/4/8
238,17,116,6,29069107.0,26,tri,d,2025/4/8
239,13,116,6,29069110.0,21,tri,a,2025/4/8
240,11,71,9,29069110.0,22,tri,a,2025/4/8
241,13,116,6,29069111.0,20,tri,d,2025/4/8
242,11,71,9,29069111.0,21,tri,d,2025/4/8
243,8,378,8,29069115.0,10,tri,a,2025/4/8
244,8,378,8,29069116.0,9,tri,d,2025/4/8
245,18,36,6,29069117.0,11,tri,a,2025/4/8
246,24,122,5,29069117.0,13,tri,a,2025/4/8
247,12,116,8,29069118.0,7,tri,a,2025/4/8
248,12,116,8,29069119.0,6,tri,d,2025/4/8
249,24,122,5,29069119.0,13,tri,d,2025/4/8
250,19,91,6,29069123.0,13,tri,a,2025/4/8
251,2,116,8,29069123.0,17,tri,a,2025/4/8
252,19,91,6,29069124.0,9,tri,d,2025/4/8
253,26,122,5,29069125.0,10,tri,a,2025/4/8
254,2,116,8,29069125.0,17,tri,d,2025/4/8
255,26,122,5,29069126.0,9,tri,d,2025/4/8
256,10,116,7,29069127.0,11,tri,a,2025/4/8
257,21,36,6,29069128.0,37,tri,a,2025/4/8
258,10,116,7,29069129.0,11,tri,d,2025/4/8
259,5,116,8,29069131.0,10,tri,a,2025/4/8
260,5,116,8,29069133.0,10,tri,d,2025/4/8
261,17,36,7,29069137.0,26,tri,a,2025/4/8
262,13,36,7,29069142.0,21,tri,a,2025/4/8
263,11,395,10,29069143.0,20,tri,a,2025/4/8
264,12,36,9,29069149.0,6,tri,a,2025/4/8
265,20,71,8,29069149.0,40,tri,a,2025/4/8
266,20,71,8,29069150.0,39,tri,d,2025/4/8
267,7,71,9,29069153.0,33,tri,a,2025/4/8
268,2,36,9,29069155.0,17,tri,a,2025/4/8
269,7,71,9,29069155.0,33,tri,d,2025/4/8
270,24,91,6,29069157.0,10,tri,a,2025/4/8
271,24,91,6,29069158.0,9,tri,d,2025/4/8
272,10,36,8,29069159.0,11,tri,a,2025/4/8
273,5,36,9,29069164.0,10,tri,a,2025/4/8
274,26,91,6,29069164.0,8,tri,a,2025/4/8
275,26,91,6,29069166.0,8,tri,d,2025/4/8
276,9,325,3,29069167.0,16,tri,a,2025/4/8
277,8,36,9,29069169.0,9,tri,a,2025/4/8
278,9,325,3,29069169.0,16,tri,d,2025/4/8
279,19,116,7,29069172.0,7,tri,a,2025/4/8
280,19,116,7,29069173.0,6,tri,d,2025/4/8
281,26,317,7,29069180.0,8,tri,a,2025/4/8
282,26,317,7,29069181.0,7,tri,d,2025/4/8
283,20,395,9,29069182.0,39,tri,a,2025/4/8
284,7,395,10,29069187.0,32,tri,a,2025/4/8
285,9,176,4,29069205.0,15,tri,a,2025/4/8
286,24,116,7,29069206.0,9,tri,a,2025/4/8
287,24,116,7,29069207.0,8,tri,d,2025/4/8
288,26,116,8,29069220.0,8,tri,a,2025/4/8
289,26,116,8,29069221.0,7,tri,d,2025/4/8
290,29,271,1,29071438.0,58,ini,d,2025/4/10
291,24,271,1,29071447.0,35,ini,d,2025/4/10
292,30,270,2,29071463.0,49,ini,a,2025/4/10
293,30,270,2,29071463.0,49,tri,d,2025/4/10
294,29,112,2,29071464.0,61,tri,a,2025/4/10
295,24,270,2,29071465.0,40,tri,a,2025/4/10
296,29,112,2,29071466.0,61,tri,d,2025/4/10
297,24,270,2,29071467.0,40,tri,d,2025/4/10
298,24,147,3,29071486.0,39,tri,a,2025/4/10
299,24,147,3,29071488.0,39,tri,d,2025/4/10
300,29,123,3,29071494.0,64,tri,a,2025/4/10
301,29,123,3,29071495.0,62,tri,d,2025/4/10
302,24,123,4,29071507.0,39,tri,a,2025/4/10
303,24,123,4,29071509.0,39,tri,d,2025/4/10
304,29,332,4,29071521.0,61,tri,a,2025/4/10
305,29,332,4,29071523.0,61,tri,d,2025/4/10
306,24,332,5,29071536.0,39,tri,a,2025/4/10
307,24,332,5,29071539.0,40,ini,d,2025/4/10
308,29,399,5,29071559.0,65,tri,a,2025/4/10
309,24,136,6,29071559.0,38,tri,a,2025/4/10
310,29,399,5,29071560.0,64,tri,d,2025/4/10
311,24,136,6,29071560.0,37,tri,d,2025/4/10
312,29,66,6,29071571.0,62,tri,a,2025/4/10
313,29,66,6,29071574.0,60,tri,d,2025/4/10
314,24,66,7,29071581.0,36,tri,a,2025/4/10
315,24,66,7,29071585.0,32,tri,d,2025/4/10
316,29,263,7,29071614.0,61,tri,a,2025/4/10
317,29,263,7,29071617.0,62,ini,d,2025/4/10
318,24,263,8,29071627.0,35,tri,a,2025/4/10
319,31,263,8,29071632.0,3,ini,a,2025/4/10
320,31,263,8,29071632.0,3,ini,d,2025/4/10
321,29,40,8,29071633.0,65,tri,a,2025/4/10
322,24,263,8,29071633.0,39,tri,d,2025/4/10
323,29,40,8,29071634.0,64,tri,d,2025/4/10
324,24,127,9,29071644.0,41,tri,a,2025/4/10
325,24,127,9,29071648.0,43,tri,d,2025/4/10
326,29,411,9,29071659.0,64,tri,a,2025/4/10
327,29,411,9,29071661.0,62,tri,d,2025/4/10
328,24,428,10,29071670.0,48,tri,a,2025/4/10
329,32,428,10,29071672.0,124,ini,a,2025/4/10
330,32,428,10,29071672.0,124,tri,d,2025/4/10
331,24,428,10,29071673.0,49,tri,d,2025/4/10
332,24,411,11,29071692.0,51,tri,a,2025/4/10
333,24,411,11,29071694.0,50,tri,d,2025/4/10
334,29,77,10,29071704.0,58,tri,a,2025/4/10
335,24,99,12,29071706.0,51,tri,a,2025/4/10
336,29,77,10,29071706.0,57,tri,d,2025/4/10
337,24,99,12,29071707.0,49,tri,d,2025/4/10
338,24,60,13,29071721.0,49,tri,a,2025/4/10
339,24,60,13,29071723.0,48,tri,d,2025/4/10
340,24,24,14,29071734.0,48,tri,a,2025/4/10
341,24,24,14,29071736.0,48,tri,d,2025/4/10
342,29,385,11,29071752.0,53,tri,a,2025/4/10
343,24,78,15,29071753.0,46,tri,a,2025/4/10
344,24,78,15,29071755.0,46,tri,d,2025/4/10
345,29,385,11,29071757.0,49,tri,d,2025/4/10
346,24,77,16,29071764.0,46,tri,a,2025/4/10
347,24,77,16,29071767.0,46,tri,d,2025/4/10
348,24,227,17,29071783.0,46,tri,a,2025/4/10
349,24,227,17,29071785.0,33,tri,d,2025/4/10
350,29,248,12,29071792.0,48,tri,a,2025/4/10
351,29,248,12,29071796.0,46,tri,d,2025/4/10
352,29,268,13,29071816.0,47,tri,a,2025/4/10
353,29,268,13,29071819.0,48,ini,d,2025/4/10
354,24,385,18,29071821.0,29,tri,a,2025/4/10
355,24,385,18,29071825.0,25,tri,d,2025/4/10
356,24,138,19,29071851.0,24,tri,a,2025/4/10
357,24,138,19,29071852.0,23,tri,d,2025/4/10
358,24,248,20,29071866.0,23,tri,a,2025/4/10
359,24,248,20,29071867.0,21,tri,d,2025/4/10
360,29,269,14,29071873.0,51,tri,a,2025/4/10
361,29,269,14,29071875.0,51,tri,d,2025/4/10
362,29,363,15,29071894.0,54,tri,a,2025/4/10
363,29,363,15,29071898.0,49,tri,d,2025/4/10
364,24,44,21,29071918.0,20,tri,a,2025/4/10
365,24,44,21,29071919.0,19,tri,d,2025/4/10
366,29,205,16,29071924.0,47,tri,a,2025/4/10
367,29,205,16,29071925.0,46,tri,d,2025/4/10
368,24,363,22,29071948.0,20,tri,a,2025/4/10
369,29,122,17,29071949.0,45,tri,a,2025/4/10
370,29,122,17,29071951.0,45,tri,d,2025/4/10
371,24,363,22,29071951.0,12,tri,d,2025/4/10
372,29,91,18,29071990.0,41,tri,a,2025/4/10
373,29,91,18,29071991.0,40,tri,d,2025/4/10
374,24,122,23,29071999.0,15,tri,a,2025/4/10
375,24,122,23,29072001.0,15,tri,d,2025/4/10
376,29,116,19,29072039.0,38,tri,a,2025/4/10
377,24,91,24,29072039.0,12,tri,a,2025/4/10
378,24,91,24,29072040.0,11,tri,d,2025/4/10
379,29,116,19,29072041.0,38,tri,d,2025/4/10
380,29,36,20,29072071.0,37,tri,a,2025/4/10
381,24,116,25,29072089.0,12,tri,a,2025/4/10
382,24,116,25,29072090.0,11,tri,d,2025/4/10
383,24,36,26,29072116.0,8,ini,a,2025/4/10
384,33,19,1,29072822.0,1,ini,a,2025/4/11
385,33,325,2,29072927.0,1,ini,a,2025/4/11
386,33,325,2,29072929.0,1,tri,d,2025/4/11
387,33,236,3,29072946.0,1,ini,a,2025/4/11
388,33,144,4,29072985.0,1,ini,a,2025/4/11
389,34,144,1,29073018.0,1,ini,a,2025/4/11
390,34,109,2,29073048.0,1,ini,a,2025/4/11
391,34,363,3,29073171.0,13,ini,a,2025/4/11
392,34,363,1,29073171.0,13,ini,a,2025/4/11
393,33,73,5,29073178.0,20,ini,a,2025/4/11
394,33,73,5,29073180.0,20,tri,d,2025/4/11
395,35,205,1,29073181.0,11,ini,a,2025/4/11
396,35,205,1,29073182.0,10,tri,d,2025/4/11
397,36,205,1,29073184.0,9,ini,a,2025/4/11
398,34,363,3,29073187.0,9,tri,d,2025/4/11
399,34,363,1,29073187.0,9,tri,d,2025/4/11
400,37,133,1,29073188.0,13,ini,a,2025/4/11
401,37,133,1,29073188.0,13,ini,a,2025/4/11
402,36,205,1,29073188.0,11,tri,d,2025/4/11
403,37,133,1,29073189.0,12,tri,d,2025/4/11
404,37,133,1,29073189.0,12,tri,d,2025/4/11
405,33,22,6,29073195.0,81,tri,a,2025/4/11
406,33,22,6,29073196.0,19,tri,d,2025/4/11
407,37,122,2,29073204.0,13,tri,a,2025/4/11
408,37,122,2,29073204.0,13,tri,a,2025/4/11
409,37,122,2,29073205.0,12,tri,d,2025/4/11
410,37,122,2,29073205.0,12,tri,d,2025/4/11
411,35,122,2,29073208.0,11,tri,a,2025/4/11
412,35,122,2,29073209.0,8,tri,d,2025/4/11
413,38,363,1,29073211.0,19,tri,d,2025/4/11
414,36,122,2,29073213.0,11,tri,a,2025/4/11
415,36,122,2,29073214.0,7,tri,d,2025/4/11
416,33,108,7,29073235.0,19,tri,a,2025/4/11
417,33,108,7,29073238.0,20,ini,d,2025/4/11
418,37,91,3,29073248.0,72,tri,a,2025/4/11
419,37,91,3,29073248.0,12,tri,a,2025/4/11
420,37,91,3,29073250.0,72,tri,d,2025/4/11
421,37,91,3,29073250.0,12,tri,d,2025/4/11
422,35,91,3,29073252.0,7,tri,a,2025/4/11
423,35,91,3,29073254.0,7,tri,d,2025/4/11
424,33,151,8,29073256.0,20,tri,a,2025/4/11
425,36,91,3,29073257.0,7,tri,a,2025/4/11
426,33,151,8,29073257.0,19,tri,d,2025/4/11
427,36,91,3,29073259.0,7,tri,d,2025/4/11
428,34,151,4,29073271.0,27,ini,a,2025/4/11
429,34,151,4,29073272.0,24,tri,d,2025/4/11
430,38,151,2,29073278.0,20,tri,a,2025/4/11
431,38,151,2,29073280.0,20,tri,d,2025/4/11
432,33,200,9,29073285.0,21,tri,a,2025/4/11
433,33,200,9,29073286.0,20,tri,d,2025/4/11
434,34,297,5,29073305.0,23,tri,a,2025/4/11
435,34,297,5,29073306.0,22,tri,d,2025/4/11
436,36,116,4,29073310.0,8,tri,a,2025/4/11
437,36,116,4,29073311.0,7,tri,d,2025/4/11
438,37,36,4,29073326.0,12,tri,a,2025/4/11
439,37,36,9,29073326.0,12,tri,a,2025/4/11
440,35,36,4,29073330.0,7,tri,a,2025/4/11
441,35,36,4,29073333.0,4,tri,d,2025/4/11
442,36,36,5,29073341.0,7,tri,a,2025/4/11
443,36,36,5,29073345.0,5,tri,d,2025/4/11
444,33,71,10,29073347.0,20,tri,a,2025/4/11
445,33,71,10,29073349.0,20,tri,d,2025/4/11
446,38,71,3,29073365.0,22,tri,a,2025/4/11
447,38,71,3,29073368.0,23,ini,d,2025/4/11
448,33,395,11,29073381.0,19,tri,a,2025/4/11
449,36,35,6,29073381.0,6,tri,a,2025/4/11
450,36,35,6,29073382.0,3,tri,d,2025/4/11
451,35,362,5,29073388.0,3,tri,a,2025/4/11
452,36,9,7,29073389.0,1,tri,a,2025/4/11
453,34,395,6,29073395.0,28,tri,a,2025/4/11
454,38,395,4,29073408.0,29,tri,a,2025/4/11
455,36,232,8,29073410.0,1,ini,a,2025/4/11
456,39,245,1,29074014.0,1,ini,a,2025/4/12
457,39,278,2,29074048.0,1,ini,a,2025/4/12
458,40,132,1,29074076.0,1,ini,a,2025/4/12
459,13,315,1,29074079.0,2,ini,a,2025/4/12
460,39,165,3,29074079.0,4,ini,a,2025/4/12
461,41,252,1,29074091.0,3,ini,a,2025/4/12
462,41,252,1,29074094.0,3,tri,d,2025/4/12
463,40,414,2,29074102.0,2,ini,a,2025/4/12
464,40,414,2,29074103.0,1,tri,d,2025/4/12
465,13,62,2,29074110.0,1,ini,a,2025/4/12
466,42,412,1,29074120.0,1,ini,a,2025/4/12
467,13,154,3,29074126.0,1,ini,a,2025/4/12
468,41,328,2,29074127.0,4,ini,a,2025/4/12
469,13,154,3,29074128.0,1,tri,d,2025/4/12
470,41,328,2,29074128.0,1,tri,d,2025/4/12
471,43,64,1,29074133.0,8,ini,a,2025/4/12
472,39,229,4,29074137.0,1,ini,a,2025/4/12
473,44,308,1,29074143.0,7,ini,a,2025/4/12
474,44,308,1,29074144.0,6,tri,d,2025/4/12
475,43,64,1,29074147.0,4,tri,d,2025/4/12
476,45,138,1,29074152.0,6,ini,a,2025/4/12
477,46,64,1,29074153.0,5,tri,d,2025/4/12
478,13,48,4,29074155.0,2,ini,a,2025/4/12
479,45,138,1,29074156.0,8,ini,d,2025/4/12
480,13,48,4,29074157.0,2,tri,d,2025/4/12
481,47,263,1,29074161.0,2,ini,a,2025/4/12
482,47,263,1,29074162.0,1,tri,d,2025/4/12
483,48,136,1,29074163.0,6,ini,a,2025/4/12
484,39,77,5,29074164.0,2,ini,a,2025/4/12
485,48,136,1,29074164.0,5,tri,d,2025/4/12
486,41,283,3,29074165.0,11,ini,a,2025/4/12
487,39,77,5,29074166.0,2,tri,d,2025/4/12
488,41,283,3,29074166.0,10,tri,d,2025/4/12
489,13,220,5,29074170.0,2,ini,a,2025/4/12
490,49,263,1,29074171.0,1,ini,a,2025/4/12
491,47,127,2,29074171.0,1,tri,a,2025/4/12
492,45,248,2,29074172.0,10,ini,a,2025/4/12
493,45,248,2,29074176.0,12,ini,d,2025/4/12
494,46,228,2,29074181.0,10,ini,a,2025/4/12
495,8,27,1,29074181.0,2,ini,a,2025/4/12
496,42,98,2,29074181.0,24,ini,d,2025/4/12
497,39,227,6,29074183.0,3,ini,a,2025/4/12
498,46,228,2,29074183.0,10,tri,d,2025/4/12
499,8,27,1,29074183.0,2,tri,d,2025/4/12
500,39,227,6,29074184.0,2,tri,d,2025/4/12
501,50,98,3,29074186.0,5,ini,a,2025/4/12
502,48,66,2,29074186.0,5,tri,a,2025/4/12
503,50,98,3,29074187.0,6,ini,d,2025/4/12
504,47,428,3,29074190.0,1,tri,a,2025/4/12
505,48,66,2,29074190.0,3,tri,d,2025/4/12
506,51,308,1,29074192.0,10,ini,a,2025/4/12
507,40,98,3,29074192.0,7,tri,d,2025/4/12
508,13,5,6,29074194.0,1,ini,a,2025/4/12
509,8,390,2,29074195.0,3,ini,a,2025/4/12
510,51,308,1,29074195.0,9,tri,d,2025/4/12
511,13,5,6,29074196.0,1,tri,d,2025/4/12
512,39,37,7,29074197.0,3,ini,a,2025/4/12
513,46,127,3,29074197.0,11,tri,a,2025/4/12
514,8,390,2,29074197.0,3,tri,d,2025/4/12
515,39,37,7,29074198.0,1,tri,d,2025/4/12
516,46,127,3,29074198.0,10,tri,d,2025/4/12
517,52,222,1,29074202.0,2,ini,a,2025/4/12
518,40,196,4,29074204.0,8,tri,a,2025/4/12
519,52,222,1,29074205.0,1,tri,d,2025/4/12
520,40,196,4,29074207.0,9,ini,d,2025/4/12
521,49,411,2,29074208.0,1,ini,a,2025/4/12
522,46,40,4,29074208.0,11,tri,a,2025/4/12
523,45,0,3,29074209.0,14,ini,a,2025/4/12
524,46,40,4,29074209.0,10,tri,d,2025/4/12
525,53,168,1,29074210.0,6,ini,a,2025/4/12
526,45,0,3,29074210.0,13,tri,d,2025/4/12
527,8,20,3,29074211.0,6,ini,a,2025/4/12
528,54,411,2,29074212.0,10,ini,a,2025/4/12
529,8,20,3,29074213.0,6,tri,d,2025/4/12
530,14,291,1,29074214.0,3,ini,a,2025/4/12
531,53,168,1,29074216.0,10,ini,d,2025/4/12
532,14,291,1,29074216.0,3,tri,d,2025/4/12
533,41,385,4,29074217.0,9,tri,a,2025/4/12
534,25,387,1,29074219.0,3,ini,a,2025/4/12
535,13,106,7,29074220.0,2,ini,a,2025/4/12
536,25,387,1,29074220.0,2,tri,d,2025/4/12
537,13,106,7,29074222.0,2,tri,d,2025/4/12
538,54,411,2,29074222.0,6,tri,d,2025/4/12
539,47,411,4,29074222.0,6,ini,d,2025/4/12
540,41,385,4,29074223.0,11,ini,d,2025/4/12
541,8,199,4,29074226.0,3,ini,a,2025/4/12
542,48,263,3,29074232.0,6,tri,a,2025/4/12
543,47,99,5,29074234.0,7,tri,a,2025/4/12
544,48,263,3,29074234.0,6,tri,d,2025/4/12
545,46,411,5,29074235.0,11,tri,a,2025/4/12
546,44,385,2,29074235.0,21,ini,a,2025/4/12
547,47,99,5,29074235.0,6,tri,d,2025/4/12
548,51,380,2,29074237.0,12,tri,a,2025/4/12
549,46,411,5,29074237.0,9,tri,d,2025/4/12
550,49,24,3,29074239.0,3,ini,a,2025/4/12
551,44,385,2,29074239.0,21,tri,d,2025/4/12
552,49,24,3,29074240.0,2,tri,d,2025/4/12
553,55,301,1,29074242.0,12,ini,a,2025/4/12
554,45,44,4,29074244.0,20,tri,a,2025/4/12
555,14,348,2,29074244.0,3,ini,a,2025/4/12
556,53,357,2,29074245.0,11,ini,a,2025/4/12
557,55,301,1,29074245.0,13,ini,d,2025/4/12
558,45,44,4,29074246.0,20,tri,d,2025/4/12
559,14,348,2,29074246.0,3,tri,d,2025/4/12
560,53,357,2,29074249.0,13,ini,d,2025/4/12
561,46,99,6,29074250.0,11,tri,a,2025/4/12
562,52,32,2,29074250.0,3,ini,a,2025/4/12
563,46,99,6,29074251.0,10,tri,d,2025/4/12
564,52,32,2,29074252.0,3,tri,d,2025/4/12
565,25,358,2,29074254.0,3,ini,a,2025/4/12
566,56,268,1,29074256.0,3,ini,a,2025/4/12
567,47,24,6,29074256.0,7,tri,a,2025/4/12
568,25,358,2,29074256.0,2,tri,d,2025/4/12
569,55,302,2,29074257.0,15,ini,a,2025/4/12
570,56,268,1,29074257.0,2,tri,d,2025/4/12
571,41,248,5,29074258.0,10,tri,a,2025/4/12
572,47,24,6,29074259.0,8,ini,d,2025/4/12
573,41,248,5,29074260.0,6,tri,d,2025/4/12
574,55,302,2,29074261.0,17,ini,d,2025/4/12
575,49,77,4,29074265.0,4,tri,a,2025/4/12
576,46,60,7,29074266.0,11,tri,a,2025/4/12
577,53,374,3,29074267.0,16,ini,a,2025/4/12
578,49,77,4,29074267.0,4,tri,d,2025/4/12
579,46,60,7,29074267.0,10,tri,d,2025/4/12
580,53,374,3,29074269.0,16,tri,d,2025/4/12
581,14,55,3,29074270.0,66,ini,a,2025/4/12
582,14,55,3,29074271.0,65,tri,d,2025/4/12
583,51,439,3,29074275.0,2,tri,a,2025/4/12
584,45,363,5,29074276.0,22,tri,a,2025/4/12
585,56,248,2,29074277.0,4,ini,a,2025/4/12
586,55,31,3,29074279.0,14,ini,a,2025/4/12
587,46,24,8,29074279.0,11,tri,a,2025/4/12
588,56,248,2,29074279.0,3,tri,d,2025/4/12
589,52,430,3,29074280.0,6,ini,a,2025/4/12
590,57,439,3,29074281.0,30,ini,a,2025/4/12
591,45,363,5,29074281.0,20,tri,d,2025/4/12
592,46,24,8,29074281.0,11,tri,d,2025/4/12
593,52,430,3,29074281.0,5,tri,d,2025/4/12
594,57,439,3,29074281.0,30,tri,d,2025/4/12
595,42,407,3,29074282.0,34,ini,a,2025/4/12
596,48,411,4,29074284.0,23,ini,a,2025/4/12
597,42,407,3,29074284.0,34,tri,d,2025/4/12
598,58,77,7,29074285.0,53,ini,a,2025/4/12
599,47,77,7,29074285.0,8,tri,a,2025/4/12
600,55,31,3,29074285.0,14,tri,d,2025/4/12
601,59,439,3,29074286.0,30,ini,a,2025/4/12
602,59,439,3,29074286.0,30,tri,d,2025/4/12
603,48,411,4,29074287.0,22,tri,d,2025/4/12
604,58,77,7,29074287.0,51,tri,d,2025/4/12
605,51,439,3,29074287.0,12,tri,d,2025/4/12
606,40,249,5,29074291.0,35,ini,a,2025/4/12
607,49,37,5,29074292.0,6,ini,a,2025/4/12
608,47,77,7,29074292.0,12,tri,d,2025/4/12
609,15,51,1,29074293.0,1,ini,a,2025/4/12
610,40,249,5,29074293.0,35,tri,d,2025/4/12
611,49,37,5,29074294.0,6,tri,d,2025/4/12
612,53,308,4,29074297.0,16,ini,a,2025/4/12
613,42,375,4,29074298.0,33,tri,a,2025/4/12
614,42,375,4,29074300.0,33,tri,d,2025/4/12
615,52,280,4,29074302.0,8,ini,a,2025/4/12
616,53,308,4,29074303.0,17,tri,d,2025/4/12
617,51,181,4,29074305.0,14,ini,a,2025/4/12
618,46,77,9,29074306.0,12,tri,a,2025/4/12
619,51,181,4,29074307.0,14,tri,d,2025/4/12
620,47,227,8,29074308.0,12,tri,a,2025/4/12
621,25,402,3,29074309.0,15,ini,a,2025/4/12
622,47,227,8,29074309.0,11,ini,d,2025/4/12
623,45,205,6,29074311.0,24,ini,a,2025/4/12
624,60,205,6,29074312.0,1,ini,a,2025/4/12
625,60,205,6,29074312.0,1,ini,d,2025/4/12
626,25,402,3,29074312.0,14,ini,d,2025/4/12
627,46,77,9,29074312.0,14,ini,d,2025/4/12
628,14,420,4,29074313.0,6,ini,a,2025/4/12
629,45,205,6,29074314.0,25,ini,d,2025/4/12
630,48,24,5,29074315.0,24,tri,a,2025/4/12
631,14,420,4,29074316.0,7,ini,d,2025/4/12
632,61,248,1,29074317.0,4,ini,a,2025/4/12
633,48,24,5,29074317.0,21,tri,d,2025/4/12
634,40,360,6,29074319.0,42,ini,a,2025/4/12
635,61,248,1,29074319.0,4,tri,d,2025/4/12
636,42,231,5,29074320.0,34,tri,a,2025/4/12
637,11,66,1,29074320.0,4,ini,a,2025/4/12
638,40,360,6,29074321.0,41,tri,d,2025/4/12
639,42,231,5,29074321.0,33,tri,d,2025/4/12
640,11,66,1,29074324.0,5,tri,d,2025/4/12
641,49,385,6,29074325.0,4,tri,a,2025/4/12
642,15,257,2,29074327.0,15,ini,a,2025/4/12
643,48,335,6,29074329.0,22,tri,a,2025/4/12
644,51,385,5,29074329.0,14,ini,a,2025/4/12
645,62,402,1,29074329.0,20,ini,a,2025/4/12
646,15,257,2,29074329.0,15,tri,d,2025/4/12
647,45,133,7,29074331.0,28,tri,a,2025/4/12
648,48,335,6,29074331.0,22,tri,d,2025/4/12
649,45,133,7,29074332.0,27,tri,d,2025/4/12
650,62,402,1,29074332.0,17,tri,d,2025/4/12
651,40,29,7,29074333.0,41,tri,a,2025/4/12
652,49,385,6,29074334.0,1,tri,d,2025/4/12
653,61,138,2,29074335.0,6,ini,a,2025/4/12
654,63,248,1,29074335.0,2,ini,a,2025/4/12
655,40,29,7,29074335.0,40,tri,d,2025/4/12
656,39,44,8,29074336.0,21,ini,a,2025/4/12
657,61,138,2,29074336.0,5,tri,d,2025/4/12
658,51,385,5,29074337.0,19,ini,d,2025/4/12
659,63,248,1,29074337.0,2,tri,d,2025/4/12
660,39,44,8,29074338.0,21,tri,d,2025/4/12
661,18,64,1,29074339.0,2,ini,d,2025/4/12
662,55,308,4,29074342.0,36,ini,a,2025/4/12
663,48,78,7,29074343.0,19,tri,a,2025/4/12
664,48,78,7,29074344.0,18,tri,d,2025/4/12
665,14,192,5,29074345.0,5,ini,a,2025/4/12
666,41,363,6,29074346.0,16,tri,a,2025/4/12
667,45,122,8,29074347.0,29,tri,a,2025/4/12
668,47,385,9,29074347.0,7,tri,a,2025/4/12
669,55,308,4,29074347.0,34,tri,d,2025/4/12
670,45,122,8,29074348.0,28,tri,d,2025/4/12
671,14,192,5,29074348.0,5,tri,d,2025/4/12
672,40,407,8,29074349.0,40,tri,a,2025/4/12
673,40,407,8,29074350.0,38,tri,d,2025/4/12
674,47,385,9,29074350.0,1,tri,d,2025/4/12
675,15,6,3,29074352.0,25,ini,a,2025/4/12
676,42,269,6,29074353.0,33,tri,a,2025/4/12
677,13,66,8,29074353.0,3,ini,a,2025/4/12
678,52,384,5,29074353.0,4,ini,a,2025/4/12
679,41,363,6,29074353.0,13,tri,d,2025/4/12
680,48,77,8,29074354.0,19,tri,a,2025/4/12
681,15,6,3,29074354.0,25,tri,d,2025/4/12
682,42,269,6,29074356.0,26,tri,d,2025/4/12
683,48,77,8,29074356.0,19,tri,d,2025/4/12
684,13,66,8,29074358.0,2,tri,d,2025/4/12
685,52,384,5,29074358.0,3,tri,d,2025/4/12
686,18,65,2,29074360.0,10,ini,a,2025/4/12
687,64,248,1,29074361.0,6,ini,a,2025/4/12
688,14,134,6,29074361.0,4,tri,a,2025/4/12
689,46,385,10,29074361.0,12,tri,a,2025/4/12
690,18,65,2,29074361.0,8,tri,d,2025/4/12
691,25,372,4,29074362.0,13,tri,a,2025/4/12
692,61,385,3,29074363.0,3,tri,a,2025/4/12
693,64,248,1,29074363.0,5,tri,d,2025/4/12
694,55,436,5,29074365.0,36,ini,a,2025/4/12
695,44,363,3,29074365.0,39,tri,a,2025/4/12
696,65,248,10,29074366.0,19,ini,a,2025/4/12
697,11,263,2,29074367.0,9,ini,a,2025/4/12
698,25,372,4,29074367.0,7,tri,d,2025/4/12
699,55,436,5,29074367.0,30,tri,d,2025/4/12
700,46,385,10,29074367.0,13,ini,d,2025/4/12
701,65,248,10,29074369.0,20,tri,d,2025/4/12
702,11,263,2,29074369.0,9,tri,d,2025/4/12
703,44,363,3,29074369.0,39,tri,d,2025/4/12
704,39,363,9,29074371.0,21,tri,a,2025/4/12
705,66,248,10,29074371.0,7,ini,a,2025/4/12
706,66,248,10,29074373.0,7,tri,d,2025/4/12
707,67,248,10,29074374.0,34,ini,a,2025/4/12
708,63,384,2,29074374.0,2,ini,a,2025/4/12
709,52,386,6,29074375.0,3,ini,a,2025/4/12
710,39,363,9,29074375.0,12,tri,d,2025/4/12
711,52,386,6,29074376.0,1,tri,d,2025/4/12
712,35,430,1,29074377.0,6,ini,a,2025/4/12
713,67,248,10,29074377.0,35,tri,d,2025/4/12
714,40,231,9,29074378.0,38,tri,a,2025/4/12
715,49,248,7,29074379.0,10,tri,a,2025/4/12
716,40,231,9,29074379.0,36,tri,d,2025/4/12
717,18,263,3,29074380.0,8,tri,a,2025/4/12
718,25,72,5,29074381.0,7,tri,a,2025/4/12
719,49,248,7,29074381.0,3,tri,d,2025/4/12
720,18,263,3,29074381.0,7,tri,d,2025/4/12
721,35,430,1,29074382.0,6,tri,d,2025/4/12
722,51,248,6,29074383.0,29,ini,a,2025/4/12
723,25,72,5,29074384.0,8,ini,d,2025/4/12
724,51,248,6,29074384.0,28,tri,d,2025/4/12
725,11,40,3,29074385.0,12,ini,a,2025/4/12
726,42,363,7,29074386.0,32,tri,a,2025/4/12
727,45,91,9,29074386.0,24,tri,a,2025/4/12
728,55,379,6,29074387.0,32,ini,a,2025/4/12
729,11,40,3,29074387.0,9,tri,d,2025/4/12
730,68,248,8,29074388.0,29,ini,a,2025/4/12
731,45,91,9,29074388.0,23,tri,d,2025/4/12
732,15,303,4,29074389.0,42,ini,a,2025/4/12
733,68,248,8,29074390.0,29,tri,d,2025/4/12
734,42,363,7,29074391.0,32,tri,d,2025/4/12
735,15,303,4,29074391.0,41,tri,d,2025/4/12
736,69,248,10,29074392.0,12,ini,a,2025/4/12
737,53,98,6,29074393.0,18,ini,a,2025/4/12
738,55,379,6,29074393.0,36,ini,d,2025/4/12
739,63,384,2,29074393.0,15,ini,d,2025/4/12
740,69,248,10,29074394.0,12,tri,d,2025/4/12
741,47,248,10,29074396.0,11,ini,a,2025/4/12
742,64,385,2,29074398.0,2,tri,a,2025/4/12
743,47,248,10,29074399.0,12,tri,d,2025/4/12
744,40,88,10,29074400.0,38,tri,a,2025/4/12
745,53,98,6,29074400.0,18,tri,d,2025/4/12
746,41,122,7,29074401.0,12,tri,a,2025/4/12
747,41,122,7,29074402.0,11,tri,d,2025/4/12
748,48,385,9,29074403.0,15,tri,a,2025/4/12
749,52,248,7,29074403.0,3,tri,a,2025/4/12
750,62,222,2,29074403.0,16,ini,a,2025/4/12
751,40,88,10,29074403.0,37,tri,d,2025/4/12
752,64,385,2,29074403.0,4,ini,d,2025/4/12
753,13,228,9,29074404.0,13,ini,a,2025/4/12
754,70,11,1,29074404.0,1,ini,d,2025/4/12
755,35,280,2,29074405.0,10,ini,a,2025/4/12
756,52,248,7,29074405.0,3,tri,d,2025/4/12
757,71,248,1,29074406.0,3,ini,a,2025/4/12
758,35,280,2,29074406.0,9,tri,d,2025/4/12
759,25,222,6,29074407.0,7,tri,a,2025/4/12
760,46,248,11,29074407.0,17,tri,a,2025/4/12
761,13,228,9,29074407.0,14,ini,d,2025/4/12
762,62,222,2,29074407.0,17,ini,d,2025/4/12
763,72,385,2,29074408.0,14,ini,a,2025/4/12
764,71,248,1,29074408.0,3,tri,d,2025/4/12
765,48,385,9,29074409.0,14,tri,d,2025/4/12
766,73,248,1,29074410.0,3,ini,a,2025/4/12
767,46,248,11,29074410.0,14,tri,d,2025/4/12
768,55,380,7,29074412.0,39,ini,a,2025/4/12
769,73,248,1,29074412.0,3,tri,d,2025/4/12
770,74,385,2,29074413.0,8,ini,a,2025/4/12
771,55,380,7,29074413.0,38,tri,d,2025/4/12
772,75,268,2,29074414.0,2,ini,a,2025/4/12
773,76,385,2,29074415.0,5,ini,a,2025/4/12
774,72,385,2,29074415.0,14,tri,d,2025/4/12
775,75,268,2,29074415.0,1,tri,d,2025/4/12
776,11,411,4,29074416.0,13,tri,a,2025/4/12
777,25,222,6,29074416.0,11,ini,d,2025/4/12
778,13,263,10,29074417.0,15,ini,a,2025/4/12
779,13,263,10,29074418.0,14,tri,d,2025/4/12
780,11,411,4,29074418.0,10,tri,d,2025/4/12
781,77,385,2,29074419.0,3,ini,a,2025/4/12
782,51,0,7,29074419.0,32,ini,a,2025/4/12
783,42,205,8,29074420.0,33,tri,a,2025/4/12
784,2,43,1,29074420.0,60,ini,d,2025/4/12
785,2,43,1,29074420.0,60,ini,d,2025/4/12
786,74,385,2,29074420.0,3,tri,d,2025/4/12
787,51,0,7,29074420.0,20,tri,d,2025/4/12
788,18,411,4,29074421.0,13,tri,a,2025/4/12
789,42,205,8,29074421.0,32,tri,d,2025/4/12
790,78,248,1,29074422.0,2,ini,a,2025/4/12
791,18,411,4,29074422.0,9,tri,d,2025/4/12
792,76,385,2,29074423.0,10,ini,d,2025/4/12
793,79,43,1,29074424.0,29,tri,d,2025/4/12
794,78,248,1,29074424.0,2,tri,d,2025/4/12
795,15,264,5,29074425.0,43,ini,a,2025/4/12
796,70,352,2,29074426.0,4,ini,a,2025/4/12
797,70,352,2,29074427.0,3,tri,d,2025/4/12
798,15,264,5,29074427.0,42,tri,d,2025/4/12
799,77,385,2,29074430.0,3,ini,d,2025/4/12
800,38,43,1,29074430.0,55,tri,d,2025/4/12
801,80,385,2,29074432.0,3,ini,a,2025/4/12
802,81,263,1,29074435.0,2,ini,a,2025/4/12
803,14,8,7,29074435.0,5,ini,a,2025/4/12
804,18,99,5,29074435.0,11,tri,a,2025/4/12
805,45,116,10,29074436.0,21,tri,a,2025/4/12
806,14,8,7,29074436.0,4,tri,d,2025/4/12
807,18,99,5,29074436.0,10,tri,d,2025/4/12
808,80,385,2,29074436.0,4,ini,d,2025/4/12
809,81,263,1,29074437.0,2,tri,d,2025/4/12
810,45,116,10,29074437.0,20,tri,d,2025/4/12
811,64,227,3,29074439.0,2,tri,a,2025/4/12
812,11,60,5,29074439.0,11,tri,a,2025/4/12
813,52,0,8,29074439.0,6,tri,a,2025/4/12
814,53,25,7,29074440.0,23,ini,a,2025/4/12
815,41,91,8,29074440.0,6,tri,a,2025/4/12
816,64,227,3,29074440.0,1,tri,d,2025/4/12
817,52,0,8,29074440.0,5,tri,d,2025/4/12
818,53,25,7,29074441.0,22,tri,d,2025/4/12
819,41,91,8,29074441.0,5,tri,d,2025/4/12
820,11,60,5,29074441.0,11,tri,d,2025/4/12
821,55,439,8,29074442.0,99,ini,a,2025/4/12
822,13,428,11,29074442.0,17,ini,a,2025/4/12
823,63,280,3,29074442.0,20,tri,a,2025/4/12
824,40,363,11,29074443.0,40,ini,a,2025/4/12
825,55,439,8,29074443.0,98,tri,d,2025/4/12
826,63,280,3,29074443.0,19,tri,d,2025/4/12
827,39,151,10,29074444.0,15,tri,a,2025/4/12
828,48,248,10,29074444.0,13,tri,a,2025/4/12
829,75,138,3,29074444.0,3,ini,a,2025/4/12
830,71,385,2,29074444.0,2,tri,a,2025/4/12
831,56,165,3,29074445.0,6,ini,a,2025/4/12
832,13,428,11,29074445.0,14,tri,d,2025/4/12
833,75,138,3,29074445.0,2,tri,d,2025/4/12
834,42,122,9,29074446.0,32,tri,a,2025/4/12
835,8,263,5,29074446.0,2,ini,a,2025/4/12
836,2,260,2,29074446.0,61,ini,a,2025/4/12
837,39,151,10,29074446.0,15,tri,d,2025/4/12
838,71,385,2,29074446.0,1,tri,d,2025/4/12
839,42,122,9,29074447.0,31,tri,d,2025/4/12
840,48,248,10,29074447.0,14,ini,d,2025/4/12
841,40,363,11,29074448.0,40,tri,d,2025/4/12
842,2,260,2,29074448.0,43,tri,d,2025/4/12
843,73,385,2,29074449.0,1,ini,a,2025/4/12
844,8,263,5,29074449.0,3,ini,d,2025/4/12
845,18,60,6,29074450.0,10,tri,a,2025/4/12
846,81,40,2,29074452.0,4,ini,a,2025/4/12
847,56,165,3,29074452.0,5,tri,d,2025/4/12
848,18,60,6,29074452.0,10,tri,d,2025/4/12
849,11,24,6,29074453.0,12,tri,a,2025/4/12
850,81,40,2,29074453.0,3,tri,d,2025/4/12
851,49,269,8,29074455.0,13,tri,a,2025/4/12
852,14,183,8,29074455.0,8,ini,a,2025/4/12
853,11,24,6,29074455.0,10,tri,d,2025/4/12
854,68,269,10,29074456.0,33,tri,a,2025/4/12
855,70,253,3,29074456.0,3,tri,a,2025/4/12
856,68,269,10,29074456.0,33,tri,d,2025/4/12
857,64,77,4,29074457.0,2,tri,a,2025/4/12
858,47,44,11,29074457.0,17,ini,a,2025/4/12
859,14,183,8,29074457.0,8,tri,d,2025/4/12
860,73,385,2,29074457.0,4,tri,d,2025/4/12
861,64,77,4,29074458.0,1,tri,d,2025/4/12
862,70,253,3,29074458.0,3,tri,d,2025/4/12
863,47,44,11,29074458.0,12,tri,d,2025/4/12
864,25,32,7,29074459.0,11,tri,a,2025/4/12
865,51,269,8,29074459.0,24,tri,a,2025/4/12
866,51,269,8,29074459.0,24,tri,d,2025/4/12
867,46,287,12,29074460.0,23,ini,a,2025/4/12
868,8,127,6,29074460.0,5,ini,a,2025/4/12
869,49,269,8,29074460.0,16,tri,d,2025/4/12
870,55,181,9,29074461.0,40,ini,a,2025/4/12
871,78,384,2,29074461.0,3,ini,a,2025/4/12
872,46,287,12,29074461.0,22,tri,d,2025/4/12
873,8,127,6,29074461.0,4,tri,d,2025/4/12
874,55,181,9,29074462.0,39,tri,d,2025/4/12
875,18,24,7,29074463.0,10,tri,a,2025/4/12
876,13,411,12,29074464.0,15,tri,a,2025/4/12
877,35,384,3,29074464.0,22,ini,a,2025/4/12
878,18,24,7,29074465.0,10,tri,d,2025/4/12
879,78,384,2,29074465.0,4,ini,d,2025/4/12
880,45,36,11,29074466.0,19,tri,a,2025/4/12
881,25,32,7,29074466.0,8,tri,d,2025/4/12
882,13,411,12,29074466.0,13,tri,d,2025/4/12
883,52,44,9,29074468.0,7,tri,a,2025/4/12
884,35,384,3,29074468.0,22,tri,d,2025/4/12
885,14,381,9,29074469.0,9,ini,a,2025/4/12
886,52,44,9,29074469.0,6,tri,d,2025/4/12
887,14,381,9,29074471.0,9,tri,d,2025/4/12
888,75,385,4,29074474.0,2,ini,a,2025/4/12
889,2,31,3,29074474.0,48,ini,a,2025/4/12
890,51,363,9,29074474.0,25,tri,a,2025/4/12
891,47,269,12,29074475.0,12,tri,a,2025/4/12
892,47,269,12,29074476.0,11,tri,d,2025/4/12
893,53,249,8,29074478.0,24,ini,a,2025/4/12
894,49,363,9,29074478.0,17,tri,a,2025/4/12
895,11,77,7,29074478.0,9,tri,a,2025/4/12
896,73,181,3,29074478.0,5,ini,a,2025/4/12
897,2,31,3,29074478.0,50,ini,d,2025/4/12
898,51,363,9,29074478.0,20,tri,d,2025/4/12
899,46,44,13,29074479.0,24,tri,a,2025/4/12
900,81,411,3,29074480.0,5,ini,a,2025/4/12
901,53,249,8,29074480.0,23,tri,d,2025/4/12
902,73,181,3,29074480.0,5,tri,d,2025/4/12
903,25,195,8,29074481.0,9,tri,a,2025/4/12
904,15,125,6,29074481.0,68,ini,a,2025/4/12
905,75,385,4,29074481.0,2,tri,d,2025/4/12
906,46,44,13,29074481.0,24,tri,d,2025/4/12
907,11,77,7,29074481.0,10,ini,d,2025/4/12
908,63,32,4,29074482.0,20,tri,a,2025/4/12
909,49,363,9,29074482.0,12,tri,d,2025/4/12
910,81,411,3,29074482.0,3,tri,d,2025/4/12
911,15,125,6,29074482.0,67,tri,d,2025/4/12
912,55,385,10,29074484.0,39,ini,a,2025/4/12
913,82,248,1,29074484.0,1,ini,a,2025/4/12
914,18,78,8,29074484.0,10,tri,a,2025/4/12
915,63,32,4,29074484.0,9,tri,d,2025/4/12
916,25,195,8,29074486.0,9,tri,d,2025/4/12
917,18,78,8,29074487.0,11,ini,d,2025/4/12
918,70,349,4,29074488.0,5,ini,a,2025/4/12
919,42,91,10,29074489.0,30,tri,a,2025/4/12
920,83,248,1,29074489.0,1,ini,a,2025/4/12
921,55,385,10,29074489.0,39,tri,d,2025/4/12
922,42,91,10,29074490.0,28,tri,d,2025/4/12
923,40,133,12,29074491.0,44,ini,a,2025/4/12
924,83,248,1,29074491.0,1,tri,d,2025/4/12
925,70,349,4,29074491.0,4,tri,d,2025/4/12
926,8,411,7,29074492.0,6,ini,a,2025/4/12
927,40,133,12,29074492.0,43,tri,d,2025/4/12
928,13,24,13,29074493.0,14,tri,a,2025/4/12
929,47,363,13,29074493.0,12,tri,a,2025/4/12
930,13,24,13,29074494.0,13,tri,d,2025/4/12
931,56,183,5,29074495.0,13,ini,a,2025/4/12
932,51,74,10,29074495.0,25,tri,a,2025/4/12
933,8,411,7,29074495.0,7,ini,d,2025/4/12
934,14,165,10,29074496.0,12,ini,a,2025/4/12
935,18,77,9,29074496.0,11,tri,a,2025/4/12
936,56,183,5,29074496.0,12,tri,d,2025/4/12
937,49,74,10,29074497.0,17,tri,a,2025/4/12
938,49,74,10,29074497.0,17,tri,d,2025/4/12
939,47,363,13,29074497.0,11,tri,d,2025/4/12
940,52,363,10,29074498.0,7,tri,a,2025/4/12
941,18,77,9,29074498.0,8,tri,d,2025/4/12
942,51,74,10,29074498.0,26,tri,d,2025/4/12
943,14,165,10,29074499.0,11,tri,d,2025/4/12
944,53,360,9,29074501.0,25,tri,a,2025/4/12
945,61,165,4,29074502.0,2,tri,a,2025/4/12
946,53,360,9,29074502.0,24,tri,d,2025/4/12
947,63,107,5,29074503.0,10,tri,a,2025/4/12
948,48,44,11,29074504.0,17,tri,a,2025/4/12
949,63,107,5,29074504.0,9,tri,d,2025/4/12
950,25,430,9,29074505.0,11,tri,a,2025/4/12
951,35,248,4,29074505.0,22,ini,a,2025/4/12
952,48,44,11,29074505.0,16,tri,d,2025/4/12
953,40,122,13,29074506.0,43,ini,a,2025/4/12
954,70,149,5,29074506.0,6,ini,a,2025/4/12
955,25,430,9,29074506.0,9,tri,d,2025/4/12
956,52,363,10,29074506.0,8,ini,d,2025/4/12
957,71,380,3,29074507.0,15,ini,a,2025/4/12
958,40,122,13,29074507.0,42,tri,d,2025/4/12
959,70,149,5,29074507.0,4,tri,d,2025/4/12
960,35,248,4,29074507.0,22,tri,d,2025/4/12
961,64,165,5,29074508.0,4,tri,a,2025/4/12
962,73,114,4,29074509.0,8,ini,a,2025/4/12
963,71,380,3,29074509.0,15,tri,d,2025/4/12
964,84,308,1,29074510.0,31,ini,a,2025/4/12
965,46,363,14,29074510.0,24,tri,a,2025/4/12
966,73,114,4,29074510.0,7,tri,d,2025/4/12
967,64,165,5,29074511.0,2,tri,d,2025/4/12
968,13,78,14,29074512.0,10,tri,a,2025/4/12
969,56,8,6,29074513.0,14,ini,a,2025/4/12
970,13,78,14,29074513.0,9,tri,d,2025/4/12
971,53,29,10,29074514.0,24,tri,a,2025/4/12
972,49,205,11,29074514.0,18,tri,a,2025/4/12
973,75,181,5,29074514.0,10,ini,a,2025/4/12
974,84,308,1,29074514.0,23,ini,d,2025/4/12
975,56,8,6,29074514.0,13,tri,d,2025/4/12
976,2,308,4,29074515.0,52,ini,a,2025/4/12
977,53,29,10,29074515.0,23,tri,d,2025/4/12
978,49,205,11,29074515.0,17,tri,d,2025/4/12
979,75,181,5,29074515.0,9,tri,d,2025/4/12
980,83,386,2,29074516.0,1,ini,a,2025/4/12
981,44,36,4,29074516.0,38,tri,a,2025/4/12
982,46,363,14,29074516.0,23,tri,d,2025/4/12
983,2,308,4,29074516.0,50,tri,d,2025/4/12
984,14,350,11,29074518.0,13,ini,a,2025/4/12
985,51,205,11,29074518.0,28,ini,a,2025/4/12
986,83,386,2,29074518.0,1,tri,d,2025/4/12
987,85,308,1,29074519.0,30,ini,a,2025/4/12
988,38,308,2,29074520.0,84,ini,a,2025/4/12
989,14,350,11,29074520.0,13,tri,d,2025/4/12
990,51,205,11,29074520.0,28,tri,d,2025/4/12
991,38,308,2,29074521.0,83,tri,d,2025/4/12
992,13,77,15,29074522.0,9,ini,a,2025/4/12
993,62,384,3,29074523.0,30,ini,a,2025/4/12
994,86,77,15,29074525.0,84,ini,a,2025/4/12
995,70,37,6,29074525.0,5,tri,a,2025/4/12
996,87,385,2,29074525.0,6,ini,a,2025/4/12
997,25,280,10,29074526.0,11,tri,a,2025/4/12
998,70,37,6,29074526.0,4,tri,d,2025/4/12
999,62,384,3,29074526.0,30,tri,d,2025/4/12
1000,81,77,4,29074527.0,1,ini,a,2025/4/12
1001,25,280,10,29074527.0,10,tri,d,2025/4/12
1002,86,77,15,29074527.0,83,tri,d,2025/4/12
1003,82,385,2,29074528.0,4,ini,a,2025/4/12
1004,53,407,11,29074529.0,23,tri,a,2025/4/12
1005,64,124,6,29074529.0,1,tri,a,2025/4/12
1006,56,377,7,29074529.0,15,ini,a,2025/4/12
1007,85,308,1,29074529.0,24,ini,d,2025/4/12
1008,39,71,11,29074530.0,16,tri,a,2025/4/12
1009,53,407,11,29074530.0,21,tri,d,2025/4/12
1010,13,77,15,29074531.0,15,tri,d,2025/4/12
1011,39,71,11,29074531.0,15,tri,d,2025/4/12
1012,88,385,2,29074533.0,24,ini,a,2025/4/12
1013,83,384,3,29074535.0,2,ini,a,2025/4/12
1014,52,205,11,29074535.0,11,ini,a,2025/4/12
1015,81,77,4,29074535.0,6,ini,d,2025/4/12
1016,56,377,7,29074535.0,18,ini,d,2025/4/12
1017,75,277,6,29074536.0,12,ini,a,2025/4/12
1018,89,385,2,29074536.0,22,ini,a,2025/4/12
1019,63,222,6,29074536.0,10,tri,a,2025/4/12
1020,90,308,1,29074536.0,14,tri,d,2025/4/12
1021,52,205,11,29074536.0,10,tri,d,2025/4/12
1022,88,385,2,29074536.0,24,tri,d,2025/4/12
1023,14,229,12,29074537.0,17,ini,a,2025/4/12
1024,75,277,6,29074537.0,11,tri,d,2025/4/12
1025,47,133,14,29074538.0,14,tri,a,2025/4/12
1026,83,384,3,29074538.0,2,tri,d,2025/4/12
1027,49,122,12,29074539.0,18,tri,a,2025/4/12
1028,14,229,12,29074539.0,17,tri,d,2025/4/12
1029,47,133,14,29074539.0,13,tri,d,2025/4/12
1030,89,385,2,29074539.0,22,tri,d,2025/4/12
1031,42,116,11,29074540.0,28,tri,a,2025/4/12
1032,48,363,12,29074540.0,17,tri,a,2025/4/12
1033,49,122,12,29074540.0,16,tri,d,2025/4/12
1034,63,222,6,29074540.0,7,tri,d,2025/4/12
1035,42,116,11,29074541.0,27,tri,d,2025/4/12
1036,11,385,8,29074542.0,20,ini,a,2025/4/12
1037,73,379,5,29074542.0,11,ini,a,2025/4/12
1038,53,375,12,29074543.0,19,tri,a,2025/4/12
1039,48,363,12,29074543.0,14,tri,d,2025/4/12
1040,87,385,2,29074543.0,21,ini,d,2025/4/12
1041,51,122,12,29074544.0,29,ini,a,2025/4/12
1042,73,379,5,29074544.0,12,ini,d,2025/4/12
1043,46,205,15,29074545.0,26,ini,a,2025/4/12
1044,51,122,12,29074545.0,28,tri,d,2025/4/12
1045,53,375,12,29074546.0,19,tri,d,2025/4/12
1046,46,205,15,29074546.0,25,tri,d,2025/4/12
1047,91,77,1,29074547.0,2,ini,a,2025/4/12
1048,82,385,2,29074547.0,15,tri,d,2025/4/12
1049,11,385,8,29074547.0,18,tri,d,2025/4/12
1050,40,91,14,29074549.0,41,ini,a,2025/4/12
1051,14,310,13,29074550.0,17,ini,a,2025/4/12
1052,15,165,7,29074550.0,101,ini,a,2025/4/12
1053,40,91,14,29074550.0,40,tri,d,2025/4/12
1054,56,370,8,29074551.0,18,ini,a,2025/4/12
1055,47,122,15,29074552.0,12,tri,a,2025/4/12
1056,35,287,5,29074552.0,26,ini,a,2025/4/12
1057,14,310,13,29074552.0,17,tri,d,2025/4/12
1058,56,370,8,29074553.0,18,tri,d,2025/4/12
1059,47,122,15,29074553.0,11,tri,d,2025/4/12
1060,35,287,5,29074553.0,25,tri,d,2025/4/12
1061,71,308,4,29074554.0,25,ini,a,2025/4/12
1062,15,165,7,29074555.0,101,tri,d,2025/4/12
1063,71,308,4,29074555.0,25,tri,d,2025/4/12
1064,2,380,5,29074557.0,52,ini,a,2025/4/12
1065,75,283,7,29074558.0,13,ini,a,2025/4/12
1066,18,385,10,29074558.0,17,tri,a,2025/4/12
1067,2,380,5,29074559.0,52,tri,d,2025/4/12
1068,92,385,1,29074560.0,10,ini,d,2025/4/12
1069,75,283,7,29074560.0,9,tri,d,2025/4/12
1070,52,122,12,29074561.0,11,ini,a,2025/4/12
1071,52,122,12,29074563.0,11,tri,d,2025/4/12
1072,39,395,12,29074564.0,15,tri,a,2025/4/12
1073,93,248,4,29074564.0,4,ini,a,2025/4/12
1074,94,248,1,29074564.0,6,ini,a,2025/4/12
1075,18,385,10,29074564.0,18,ini,d,2025/4/12
1076,94,248,1,29074565.0,5,tri,d,2025/4/12
1077,48,22,13,29074566.0,14,tri,a,2025/4/12
1078,93,248,4,29074566.0,2,tri,d,2025/4/12
1079,48,22,13,29074567.0,13,tri,d,2025/4/12
1080,61,125,5,29074568.0,27,ini,a,2025/4/12
1081,62,248,4,29074568.0,35,tri,a,2025/4/12
1082,70,385,7,29074569.0,14,ini,a,2025/4/12
1083,61,125,5,29074569.0,26,tri,d,2025/4/12
1084,42,36,12,29074570.0,26,tri,a,2025/4/12
1085,14,77,14,29074570.0,17,ini,a,2025/4/12
1086,46,122,16,29074570.0,25,tri,a,2025/4/12
1087,35,44,6,29074571.0,27,ini,a,2025/4/12
1088,46,122,16,29074571.0,24,tri,d,2025/4/12
1089,62,248,4,29074571.0,33,tri,d,2025/4/12
1090,14,77,14,29074572.0,17,tri,d,2025/4/12
1091,70,385,7,29074572.0,14,tri,d,2025/4/12
1092,35,44,6,29074572.0,26,tri,d,2025/4/12
1093,25,384,11,29074574.0,13,ini,a,2025/4/12
1094,42,36,12,29074574.0,20,tri,d,2025/4/12
1095,91,24,2,29074575.0,3,ini,a,2025/4/12
1096,75,45,8,29074576.0,12,ini,a,2025/4/12
1097,55,0,11,29074577.0,57,ini,a,2025/4/12
1098,90,380,2,29074577.0,15,ini,a,2025/4/12
1099,75,45,8,29074577.0,11,tri,d,2025/4/12
1100,91,24,2,29074577.0,3,tri,d,2025/4/12
1101,49,91,13,29074578.0,13,tri,a,2025/4/12
1102,25,384,11,29074578.0,7,tri,d,2025/4/12
1103,55,0,11,29074578.0,56,tri,d,2025/4/12
1104,90,380,2,29074578.0,14,tri,d,2025/4/12
1105,73,308,6,29074579.0,18,ini,a,2025/4/12
1106,40,378,15,29074580.0,41,tri,a,2025/4/12
1107,13,385,16,29074580.0,14,tri,a,2025/4/12
1108,56,192,9,29074580.0,15,tri,a,2025/4/12
1109,49,91,13,29074580.0,13,tri,d,2025/4/12
1110,40,378,15,29074581.0,40,tri,d,2025/4/12
1111,11,248,9,29074583.0,18,tri,a,2025/4/12
1112,51,91,13,29074583.0,26,tri,a,2025/4/12
1113,56,192,9,29074583.0,12,tri,d,2025/4/12
1114,13,385,16,29074584.0,15,ini,d,2025/4/12
1115,73,308,6,29074584.0,21,ini,d,2025/4/12
1116,11,248,9,29074585.0,17,tri,d,2025/4/12
1117,51,91,13,29074585.0,26,tri,d,2025/4/12
1118,2,439,6,29074588.0,54,tri,a,2025/4/12
1119,95,439,6,29074588.0,150,ini,a,2025/4/12
1120,95,439,6,29074588.0,150,tri,d,2025/4/12
1121,91,60,3,29074589.0,3,ini,a,2025/4/12
1122,75,346,9,29074590.0,12,ini,a,2025/4/12
1123,78,222,3,29074590.0,26,tri,a,2025/4/12
1124,63,135,7,29074590.0,8,tri,a,2025/4/12
1125,91,60,3,29074590.0,2,tri,d,2025/4/12
1126,47,91,16,29074591.0,9,tri,a,2025/4/12
1127,96,439,6,29074592.0,99,ini,a,2025/4/12
1128,75,346,9,29074592.0,11,tri,d,2025/4/12
1129,47,91,16,29074592.0,7,tri,d,2025/4/12
1130,96,439,6,29074592.0,99,tri,d,2025/4/12
1131,78,222,3,29074592.0,24,tri,d,2025/4/12
1132,63,135,7,29074592.0,8,tri,d,2025/4/12
1133,25,386,12,29074593.0,5,tri,a,2025/4/12
1134,82,114,3,29074593.0,19,ini,a,2025/4/12
1135,81,385,5,29074593.0,14,ini,a,2025/4/12
1136,2,439,6,29074594.0,58,tri,d,2025/4/12
1137,53,269,13,29074595.0,22,ini,a,2025/4/12
1138,97,114,3,29074595.0,12,ini,a,2025/4/12
1139,49,317,14,29074595.0,13,tri,a,2025/4/12
1140,15,310,8,29074595.0,109,ini,a,2025/4/12
1141,25,386,12,29074595.0,5,tri,d,2025/4/12
1142,97,114,3,29074595.0,12,tri,d,2025/4/12
1143,53,269,13,29074596.0,20,tri,d,2025/4/12
1144,49,317,14,29074597.0,13,tri,d,2025/4/12
1145,82,114,3,29074598.0,21,tri,d,2025/4/12
1146,81,385,5,29074598.0,10,tri,d,2025/4/12
1147,15,310,8,29074598.0,109,tri,d,2025/4/12
1148,94,385,2,29074601.0,4,ini,a,2025/4/12
1149,35,363,7,29074601.0,27,ini,a,2025/4/12
1150,48,108,14,29074604.0,13,tri,a,2025/4/12
1151,55,44,12,29074605.0,57,ini,a,2025/4/12
1152,64,47,7,29074605.0,6,tri,a,2025/4/12
1153,75,328,10,29074605.0,13,ini,a,2025/4/12
1154,11,268,10,29074605.0,18,tri,a,2025/4/12
1155,35,363,7,29074605.0,23,tri,d,2025/4/12
1156,52,91,13,29074606.0,14,ini,a,2025/4/12
1157,48,108,14,29074606.0,13,tri,d,2025/4/12
1158,11,268,10,29074606.0,17,tri,d,2025/4/12
1159,40,116,16,29074607.0,40,tri,a,2025/4/12
1160,14,157,15,29074607.0,19,ini,a,2025/4/12
1161,64,47,7,29074607.0,5,tri,d,2025/4/12
1162,75,328,10,29074607.0,12,tri,d,2025/4/12
1163,90,439,3,29074608.0,17,ini,a,2025/4/12
1164,18,248,11,29074608.0,26,ini,a,2025/4/12
1165,40,116,16,29074608.0,39,tri,d,2025/4/12
1166,55,44,12,29074608.0,58,ini,d,2025/4/12
1167,52,91,13,29074608.0,13,tri,d,2025/4/12
1168,14,157,15,29074609.0,19,tri,d,2025/4/12
1169,46,91,17,29074610.0,23,tri,a,2025/4/12
1170,90,439,3,29074610.0,17,tri,d,2025/4/12
1171,83,430,4,29074611.0,14,ini,a,2025/4/12
1172,91,411,4,29074611.0,2,ini,a,2025/4/12
1173,2,181,7,29074611.0,59,ini,a,2025/4/12
1174,18,248,11,29074611.0,26,tri,d,2025/4/12
1175,46,91,17,29074611.0,21,tri,d,2025/4/12
1176,94,385,2,29074611.0,10,ini,d,2025/4/12
1177,56,420,10,29074612.0,10,tri,a,2025/4/12
1178,83,430,4,29074612.0,13,tri,d,2025/4/12
1179,2,181,7,29074612.0,58,tri,d,2025/4/12
1180,70,248,8,29074613.0,19,ini,a,2025/4/12
1181,38,385,3,29074613.0,99,ini,a,2025/4/12
1182,51,378,14,29074613.0,25,tri,a,2025/4/12
1183,91,411,4,29074613.0,2,tri,d,2025/4/12
1184,56,420,10,29074614.0,10,tri,d,2025/4/12
1185,70,248,8,29074615.0,18,tri,d,2025/4/12
1186,51,378,14,29074615.0,25,tri,d,2025/4/12
1187,98,157,15,29074617.0,50,ini,a,2025/4/12
1188,38,385,3,29074617.0,100,tri,d,2025/4/12
1189,98,157,15,29074619.0,50,tri,d,2025/4/12
1190,53,363,14,29074620.0,20,tri,a,2025/4/12
1191,99,385,1,29074620.0,3,ini,a,2025/4/12
1192,25,248,13,29074621.0,6,tri,a,2025/4/12
1193,48,151,15,29074621.0,13,tri,a,2025/4/12
1194,75,343,11,29074622.0,14,ini,a,2025/4/12
1195,61,264,6,29074623.0,52,ini,a,2025/4/12
1196,52,317,14,29074623.0,14,ini,a,2025/4/12
1197,100,317,18,29074623.0,14,tri,a,2025/4/12
1198,48,151,15,29074623.0,12,tri,d,2025/4/12
1199,64,397,8,29074624.0,3,tri,a,2025/4/12
1200,92,380,2,29074624.0,21,ini,a,2025/4/12
1201,25,248,13,29074624.0,7,ini,d,2025/4/12
1202,75,343,11,29074624.0,12,tri,d,2025/4/12
1203,13,248,17,29074625.0,20,tri,a,2025/4/12
1204,64,397,8,29074625.0,2,tri,d,2025/4/12
1205,92,380,2,29074625.0,20,tri,d,2025/4/12
1206,61,264,6,29074625.0,50,tri,d,2025/4/12
1207,52,317,14,29074625.0,14,tri,d,2025/4/12
1208,100,317,18,29074625.0,14,tri,d,2025/4/12
1209,53,363,14,29074626.0,17,tri,d,2025/4/12
1210,13,248,17,29074627.0,20,tri,d,2025/4/12
1211,42,256,13,29074629.0,22,tri,a,2025/4/12
1212,14,385,16,29074630.0,18,ini,a,2025/4/12
1213,101,385,4,29074630.0,18,ini,a,2025/4/12
1214,42,256,13,29074630.0,21,tri,d,2025/4/12
1215,82,379,4,29074631.0,26,ini,a,2025/4/12
1216,91,428,5,29074631.0,4,ini,a,2025/4/12
1217,35,205,8,29074632.0,22,ini,a,2025/4/12
1218,82,379,4,29074632.0,25,tri,d,2025/4/12
1219,81,248,6,29074633.0,9,tri,a,2025/4/12
1220,91,428,5,29074633.0,4,tri,d,2025/4/12
1221,2,385,4,29074634.0,58,ini,a,2025/4/12
1222,2,385,8,29074634.0,58,ini,a,2025/4/12
1223,35,205,8,29074634.0,22,tri,d,2025/4/12
1224,15,37,9,29074635.0,108,ini,a,2025/4/12
1225,81,248,6,29074635.0,5,tri,d,2025/4/12
1226,55,363,13,29074636.0,58,ini,a,2025/4/12
1227,56,321,11,29074636.0,10,tri,a,2025/4/12
1228,14,385,16,29074636.0,16,tri,d,2025/4/12
1229,101,385,4,29074636.0,16,tri,d,2025/4/12
1230,83,32,5,29074637.0,12,tri,a,2025/4/12
1231,40,36,17,29074638.0,39,tri,a,2025/4/12
1232,83,32,5,29074638.0,11,tri,d,2025/4/12
1233,56,321,11,29074638.0,10,tri,d,2025/4/12
1234,15,37,9,29074638.0,109,ini,d,2025/4/12
1235,102,385,4,29074639.0,49,ini,a,2025/4/12
1236,2,385,4,29074639.0,56,tri,d,2025/4/12
1237,2,385,8,29074639.0,56,tri,d,2025/4/12
1238,55,363,13,29074641.0,49,tri,d,2025/4/12
1239,102,385,4,29074642.0,47,tri,d,2025/4/12
1240,42,362,14,29074643.0,22,tri,a,2025/4/12
1241,64,140,9,29074643.0,3,tri,a,2025/4/12
1242,90,385,4,29074643.0,18,ini,a,2025/4/12
1243,40,36,17,29074643.0,35,tri,d,2025/4/12
1244,92,379,3,29074644.0,23,ini,a,2025/4/12
1245,47,116,17,29074644.0,11,tri,a,2025/4/12
1246,64,140,9,29074644.0,2,tri,d,2025/4/12
1247,92,379,3,29074645.0,13,tri,d,2025/4/12
1248,47,116,17,29074645.0,10,tri,d,2025/4/12
1249,71,43,5,29074647.0,55,ini,a,2025/4/12
1250,90,385,4,29074647.0,15,tri,d,2025/4/12
1251,75,252,12,29074648.0,12,ini,a,2025/4/12
1252,48,200,16,29074650.0,12,tri,a,2025/4/12
1253,48,200,16,29074652.0,12,tri,d,2025/4/12
1254,75,252,12,29074652.0,14,ini,d,2025/4/12
1255,55,74,14,29074653.0,48,ini,a,2025/4/12
1256,56,418,12,29074654.0,8,tri,a,2025/4/12
1257,55,74,14,29074654.0,47,tri,d,2025/4/12
1258,62,363,5,29074655.0,42,tri,a,2025/4/12
1259,81,268,7,29074656.0,7,tri,a,2025/4/12
1260,61,410,7,29074656.0,64,ini,a,2025/4/12
1261,91,263,6,29074656.0,5,ini,a,2025/4/12
1262,81,268,7,29074657.0,6,tri,d,2025/4/12
1263,61,410,7,29074657.0,63,tri,d,2025/4/12
1264,11,269,11,29074658.0,19,tri,a,2025/4/12
1265,91,263,6,29074658.0,5,tri,d,2025/4/12
1266,35,122,9,29074659.0,22,ini,a,2025/4/12
1267,64,190,10,29074660.0,1,tri,a,2025/4/12
1268,11,269,11,29074660.0,19,tri,d,2025/4/12
1269,35,122,9,29074660.0,19,tri,d,2025/4/12
1270,49,36,15,29074661.0,12,tri,a,2025/4/12
1271,53,205,15,29074662.0,25,tri,a,2025/4/12
1272,94,77,3,29074663.0,12,tri,a,2025/4/12
1273,53,205,15,29074663.0,18,tri,d,2025/4/12
1274,62,363,5,29074663.0,46,ini,d,2025/4/12
1275,94,77,3,29074665.0,6,tri,d,2025/4/12
1276,82,308,5,29074666.0,31,ini,a,2025/4/12
1277,46,116,18,29074666.0,28,tri,a,2025/4/12
1278,51,36,15,29074666.0,24,tri,a,2025/4/12
1279,78,402,4,29074666.0,27,tri,a,2025/4/12
1280,103,190,10,29074666.0,156,ini,a,2025/4/12
1281,103,190,10,29074666.0,156,tri,d,2025/4/12
1282,15,385,10,29074667.0,106,ini,a,2025/4/12
1283,64,190,10,29074667.0,6,tri,d,2025/4/12
1284,46,116,18,29074667.0,27,tri,d,2025/4/12
1285,78,402,4,29074668.0,25,tri,d,2025/4/12
1286,52,116,15,29074670.0,22,tri,a,2025/4/12
1287,18,44,12,29074671.0,34,ini,a,2025/4/12
1288,73,43,7,29074671.0,36,ini,a,2025/4/12
1289,82,308,5,29074671.0,33,ini,d,2025/4/12
1290,52,116,15,29074671.0,21,tri,d,2025/4/12
1291,51,36,15,29074671.0,21,tri,d,2025/4/12
1292,18,44,12,29074672.0,33,tri,d,2025/4/12
1293,15,385,10,29074672.0,108,ini,d,2025/4/12
1294,14,248,17,29074674.0,18,ini,a,2025/4/12
1295,47,36,18,29074674.0,10,tri,a,2025/4/12
1296,70,44,9,29074675.0,26,ini,a,2025/4/12
1297,104,222,6,29074675.0,14,ini,a,2025/4/12
1298,99,227,2,29074676.0,3,ini,a,2025/4/12
1299,75,251,13,29074676.0,15,ini,a,2025/4/12
1300,14,248,17,29074676.0,18,tri,d,2025/4/12
1301,70,44,9,29074676.0,25,tri,d,2025/4/12
1302,2,248,9,29074677.0,58,ini,a,2025/4/12
1303,99,227,2,29074677.0,2,tri,d,2025/4/12
1304,47,36,18,29074677.0,5,tri,d,2025/4/12
1305,64,338,11,29074678.0,6,tri,a,2025/4/12
1306,75,251,13,29074678.0,15,tri,d,2025/4/12
1307,64,338,11,29074679.0,5,tri,d,2025/4/12
1308,104,222,6,29074679.0,11,tri,d,2025/4/12
1309,13,287,18,29074680.0,32,ini,a,2025/4/12
1310,105,222,6,29074680.0,24,ini,a,2025/4/12
1311,11,363,12,29074680.0,18,tri,a,2025/4/12
1312,2,248,9,29074680.0,59,ini,d,2025/4/12
1313,13,287,18,29074681.0,31,tri,d,2025/4/12
1314,40,9,18,29074682.0,33,tri,a,2025/4/12
1315,92,308,4,29074682.0,20,ini,a,2025/4/12
1316,105,222,6,29074683.0,20,tri,d,2025/4/12
1317,11,363,12,29074683.0,16,tri,d,2025/4/12
1318,83,222,6,29074684.0,13,tri,a,2025/4/12
1319,40,9,18,29074684.0,33,tri,d,2025/4/12
1320,55,133,15,29074685.0,48,ini,a,2025/4/12
1321,90,248,5,29074685.0,14,tri,a,2025/4/12
1322,55,133,15,29074686.0,47,tri,d,2025/4/12
1323,53,122,16,29074687.0,17,tri,a,2025/4/12
1324,92,308,4,29074687.0,22,ini,d,2025/4/12
1325,94,24,4,29074688.0,6,tri,a,2025/4/12
1326,53,122,16,29074689.0,17,tri,d,2025/4/12
1327,90,248,5,29074689.0,10,tri,d,2025/4/12
1328,94,24,4,29074690.0,6,tri,d,2025/4/12
1329,61,303,8,29074692.0,79,ini,a,2025/4/12
1330,83,222,6,29074692.0,14,tri,d,2025/4/12
1331,99,77,3,29074694.0,3,ini,a,2025/4/12
1332,61,303,8,29074695.0,78,tri,d,2025/4/12
1333,46,36,19,29074696.0,27,ini,a,2025/4/12
1334,91,66,7,29074696.0,5,ini,a,2025/4/12
1335,11,73,13,29074697.0,17,tri,a,2025/4/12
1336,35,91,10,29074698.0,13,ini,a,2025/4/12
1337,11,73,13,29074698.0,16,tri,d,2025/4/12
1338,64,3,12,29074699.0,2,tri,a,2025/4/12
1339,91,66,7,29074699.0,4,tri,d,2025/4/12
1340,35,91,10,29074699.0,12,tri,d,2025/4/12
1341,55,122,16,29074700.0,47,ini,a,2025/4/12
1342,18,363,13,29074701.0,34,tri,a,2025/4/12
1343,52,36,16,29074701.0,22,ini,a,2025/4/12
1344,55,122,16,29074701.0,46,tri,d,2025/4/12
1345,75,262,14,29074702.0,17,ini,a,2025/4/12
1346,47,226,19,29074704.0,5,tri,a,2025/4/12
1347,75,262,14,29074704.0,17,tri,d,2025/4/12
1348,70,363,10,29074705.0,26,tri,a,2025/4/12
1349,99,78,4,29074706.0,1,ini,a,2025/4/12
1350,47,226,19,29074706.0,5,tri,d,2025/4/12
1351,18,363,13,29074708.0,26,tri,d,2025/4/12
1352,62,122,6,29074710.0,48,tri,a,2025/4/12
1353,40,94,19,29074711.0,32,tri,a,2025/4/12
1354,48,71,17,29074711.0,11,tri,a,2025/4/12
1355,40,94,19,29074712.0,31,tri,d,2025/4/12
1356,70,363,10,29074712.0,25,tri,d,2025/4/12
1357,62,122,6,29074712.0,48,tri,d,2025/4/12
1358,11,22,14,29074713.0,17,tri,a,2025/4/12
1359,48,71,17,29074713.0,11,tri,d,2025/4/12
1360,82,31,6,29074714.0,40,ini,a,2025/4/12
1361,81,269,8,29074714.0,12,ini,a,2025/4/12
1362,11,22,14,29074714.0,16,tri,d,2025/4/12
1363,97,31,6,29074715.0,12,ini,a,2025/4/12
1364,15,248,11,29074715.0,115,ini,a,2025/4/12
1365,97,31,6,29074715.0,12,tri,d,2025/4/12
1366,81,269,8,29074716.0,12,tri,d,2025/4/12
1367,83,72,7,29074717.0,15,tri,a,2025/4/12
1368,94,411,5,29074717.0,6,tri,a,2025/4/12
1369,15,248,11,29074717.0,115,tri,d,2025/4/12
1370,83,72,7,29074718.0,1,tri,d,2025/4/12
1371,82,31,6,29074718.0,32,tri,d,2025/4/12
1372,94,411,5,29074719.0,6,tri,d,2025/4/12
1373,13,363,19,29074721.0,91,tri,a,2025/4/12
1374,2,287,10,29074723.0,61,tri,a,2025/4/12
1375,2,287,10,29074724.0,59,tri,d,2025/4/12
1376,61,6,9,29074725.0,90,ini,a,2025/4/12
1377,92,357,5,29074726.0,23,ini,a,2025/4/12
1378,13,363,19,29074726.0,89,tri,d,2025/4/12
1379,61,6,9,29074726.0,89,tri,d,2025/4/12
1380,25,73,14,29074727.0,10,ini,a,2025/4/12
1381,25,73,14,29074728.0,9,tri,d,2025/4/12
1382,92,357,5,29074728.0,23,tri,d,2025/4/12
1383,51,362,16,29074729.0,23,tri,a,2025/4/12
1384,14,44,18,29074730.0,16,ini,a,2025/4/12
1385,53,91,17,29074731.0,17,tri,a,2025/4/12
1386,75,282,15,29074732.0,18,ini,a,2025/4/12
1387,14,44,18,29074732.0,16,tri,d,2025/4/12
1388,40,61,20,29074734.0,31,tri,a,2025/4/12
1389,81,363,9,29074734.0,14,ini,a,2025/4/12
1390,53,91,17,29074734.0,18,tri,d,2025/4/12
1391,75,282,15,29074734.0,18,tri,d,2025/4/12
1392,40,61,20,29074735.0,30,tri,d,2025/4/12
1393,94,428,6,29074736.0,7,tri,a,2025/4/12
1394,11,163,15,29074736.0,17,tri,a,2025/4/12
1395,91,332,8,29074737.0,5,tri,a,2025/4/12
1396,11,163,15,29074737.0,16,tri,d,2025/4/12
1397,70,205,11,29074738.0,23,tri,a,2025/4/12
1398,47,362,20,29074738.0,5,tri,a,2025/4/12
1399,94,428,6,29074738.0,7,tri,d,2025/4/12
1400,91,332,8,29074739.0,5,tri,d,2025/4/12
1401,55,91,17,29074740.0,42,ini,a,2025/4/12
1402,38,363,4,29074740.0,112,ini,a,2025/4/12
1403,81,363,9,29074740.0,11,tri,d,2025/4/12
1404,61,257,10,29074741.0,91,ini,a,2025/4/12
1405,70,205,11,29074741.0,24,ini,d,2025/4/12
1406,55,91,17,29074742.0,42,tri,d,2025/4/12
1407,38,363,4,29074742.0,110,tri,d,2025/4/12
1408,61,257,10,29074743.0,91,tri,d,2025/4/12
1409,18,133,14,29074744.0,23,tri,a,2025/4/12
1410,48,395,18,29074745.0,10,tri,a,2025/4/12
1411,18,133,14,29074746.0,23,tri,d,2025/4/12
1412,25,22,15,29074747.0,14,tri,a,2025/4/12
1413,53,317,18,29074748.0,18,tri,a,2025/4/12
1414,25,22,15,29074748.0,13,tri,d,2025/4/12
1415,83,135,8,29074749.0,2,ini,a,2025/4/12
1416,82,416,7,29074749.0,35,tri,a,2025/4/12
1417,53,317,18,29074749.0,17,tri,d,2025/4/12
1418,90,44,6,29074750.0,13,tri,a,2025/4/12
1419,62,91,7,29074750.0,45,tri,a,2025/4/12
1420,83,135,8,29074751.0,2,tri,d,2025/4/12
1421,90,44,6,29074751.0,12,tri,d,2025/4/12
1422,82,416,7,29074752.0,36,ini,d,2025/4/12
1423,40,221,21,29074754.0,31,tri,a,2025/4/12
1424,13,205,20,29074754.0,29,tri,a,2025/4/12
1425,62,91,7,29074754.0,47,tri,d,2025/4/12
1426,13,205,20,29074756.0,29,tri,d,2025/4/12
1427,18,122,15,29074761.0,24,tri,a,2025/4/12
1428,94,263,7,29074761.0,8,tri,a,2025/4/12
1429,14,363,19,29074762.0,18,ini,a,2025/4/12
1430,61,51,11,29074762.0,92,tri,a,2025/4/12
1431,18,122,15,29074763.0,24,tri,d,2025/4/12
1432,94,263,7,29074763.0,8,tri,d,2025/4/12
1433,61,51,11,29074764.0,92,tri,d,2025/4/12
1434,91,123,9,29074765.0,3,tri,a,2025/4/12
1435,2,363,11,29074765.0,60,tri,a,2025/4/12
1436,81,205,10,29074766.0,9,tri,a,2025/4/12
1437,92,316,6,29074766.0,21,ini,a,2025/4/12
1438,70,122,12,29074766.0,24,tri,a,2025/4/12
1439,91,123,9,29074766.0,2,tri,d,2025/4/12
1440,11,151,16,29074767.0,16,tri,a,2025/4/12
1441,81,205,10,29074767.0,8,tri,d,2025/4/12
1442,92,316,6,29074767.0,20,tri,d,2025/4/12
1443,70,122,12,29074767.0,23,tri,d,2025/4/12
1444,14,363,19,29074769.0,18,ini,d,2025/4/12
1445,11,151,16,29074769.0,16,tri,d,2025/4/12
1446,55,378,18,29074772.0,43,ini,a,2025/4/12
1447,2,363,11,29074772.0,59,tri,d,2025/4/12
1448,35,36,11,29074773.0,10,ini,a,2025/4/12
1449,55,378,18,29074774.0,37,tri,d,2025/4/12
1450,15,44,12,29074777.0,123,ini,a,2025/4/12
1451,75,348,16,29074778.0,23,ini,a,2025/4/12
1452,15,44,12,29074778.0,122,tri,d,2025/4/12
1453,35,36,11,29074778.0,9,tri,d,2025/4/12
1454,75,348,16,29074779.0,22,tri,d,2025/4/12
1455,13,122,21,29074780.0,28,tri,a,2025/4/12
1456,92,446,7,29074780.0,21,tri,a,2025/4/12
1457,82,93,8,29074781.0,35,tri,a,2025/4/12
1458,90,363,7,29074781.0,14,tri,a,2025/4/12
1459,61,159,12,29074781.0,93,tri,a,2025/4/12
1460,92,446,7,29074781.0,16,tri,d,2025/4/12
1461,13,122,21,29074782.0,28,tri,d,2025/4/12
1462,61,159,12,29074783.0,93,tri,d,2025/4/12
1463,83,402,9,29074784.0,1,ini,a,2025/4/12
1464,25,108,16,29074785.0,14,tri,a,2025/4/12
1465,91,147,10,29074785.0,2,tri,a,2025/4/12
1466,90,363,7,29074785.0,10,tri,d,2025/4/12
1467,11,150,17,29074786.0,16,tri,a,2025/4/12
1468,25,108,16,29074786.0,13,tri,d,2025/4/12
1469,91,147,10,29074786.0,1,tri,d,2025/4/12
1470,11,150,17,29074787.0,15,tri,d,2025/4/12
1471,81,122,11,29074791.0,7,tri,a,2025/4/12
1472,94,64,8,29074791.0,8,tri,a,2025/4/12
1473,53,116,19,29074792.0,21,tri,a,2025/4/12
1474,81,122,11,29074792.0,6,tri,d,2025/4/12
1475,53,116,19,29074794.0,20,tri,d,2025/4/12
1476,92,251,8,29074795.0,16,tri,a,2025/4/12
1477,94,64,8,29074796.0,11,tri,d,2025/4/12
1478,83,402,9,29074798.0,6,ini,d,2025/4/12
1479,92,251,8,29074798.0,15,tri,d,2025/4/12
1480,25,151,17,29074802.0,13,tri,a,2025/4/12
1481,18,91,16,29074804.0,22,tri,a,2025/4/12
1482,25,151,17,29074804.0,13,tri,d,2025/4/12
1483,14,133,20,29074806.0,19,ini,a,2025/4/12
1484,18,91,16,29074806.0,22,tri,d,2025/4/12
1485,14,133,20,29074807.0,18,tri,d,2025/4/12
1486,61,95,13,29074808.0,94,tri,a,2025/4/12
1487,11,297,18,29074808.0,16,tri,a,2025/4/12
1488,70,91,13,29074809.0,22,tri,a,2025/4/12
1489,38,151,5,29074809.0,111,tri,a,2025/4/12
1490,11,297,18,29074809.0,15,tri,d,2025/4/12
1491,15,363,13,29074810.0,121,ini,a,2025/4/12
1492,70,91,13,29074810.0,21,tri,d,2025/4/12
1493,61,95,13,29074810.0,89,tri,d,2025/4/12
1494,38,151,5,29074810.0,110,tri,d,2025/4/12
1495,92,319,9,29074811.0,16,tri,a,2025/4/12
1496,78,146,5,29074811.0,41,ini,a,2025/4/12
1497,55,215,19,29074813.0,38,ini,a,2025/4/12
1498,92,319,9,29074813.0,16,tri,d,2025/4/12
1499,55,215,19,29074814.0,37,tri,d,2025/4/12
1500,15,363,13,29074814.0,120,tri,d,2025/4/12
1501,25,150,18,29074821.0,13,tri,a,2025/4/12
1502,14,122,21,29074821.0,19,ini,a,2025/4/12
1503,90,133,8,29074822.0,11,tri,a,2025/4/12
1504,25,150,18,29074822.0,12,tri,d,2025/4/12
1505,14,122,21,29074822.0,16,tri,d,2025/4/12
1506,53,36,20,29074823.0,19,tri,a,2025/4/12
1507,90,133,8,29074823.0,10,tri,d,2025/4/12
1508,13,91,22,29074824.0,27,tri,a,2025/4/12
1509,2,122,12,29074825.0,63,tri,a,2025/4/12
1510,13,91,22,29074825.0,26,tri,d,2025/4/12
1511,2,122,12,29074826.0,61,tri,d,2025/4/12
1512,75,104,17,29074828.0,24,tri,a,2025/4/12
1513,55,36,20,29074830.0,35,ini,a,2025/4/12
1514,81,91,12,29074830.0,1,tri,a,2025/4/12
1515,92,262,10,29074830.0,17,tri,a,2025/4/12
1516,75,104,17,29074830.0,24,tri,d,2025/4/12
1517,62,36,8,29074832.0,47,tri,a,2025/4/12
1518,81,91,12,29074832.0,1,tri,d,2025/4/12
1519,15,311,14,29074833.0,120,ini,a,2025/4/12
1520,92,262,10,29074834.0,19,ini,d,2025/4/12
1521,15,311,14,29074834.0,119,tri,d,2025/4/12
1522,83,358,10,29074835.0,5,tri,a,2025/4/12
1523,83,358,10,29074836.0,4,tri,d,2025/4/12
1524,90,122,9,29074837.0,11,tri,a,2025/4/12
1525,35,362,12,29074839.0,14,ini,a,2025/4/12
1526,90,122,9,29074839.0,10,tri,d,2025/4/12
1527,99,66,5,29074842.0,2,ini,a,2025/4/12
1528,106,362,12,29074846.0,28,ini,a,2025/4/12
1529,75,344,18,29074848.0,25,tri,a,2025/4/12
1530,15,230,15,29074849.0,119,tri,a,2025/4/12
1531,94,47,9,29074849.0,9,ini,a,2025/4/12
1532,15,230,15,29074850.0,118,tri,d,2025/4/12
1533,94,47,9,29074854.0,12,tri,d,2025/4/12
1534,61,3,15,29074856.0,102,tri,a,2025/4/12
1535,18,116,17,29074857.0,23,tri,a,2025/4/12
1536,18,116,17,29074858.0,22,tri,d,2025/4/12
1537,14,91,22,29074860.0,10,ini,a,2025/4/12
1538,14,91,22,29074861.0,8,tri,d,2025/4/12
1539,92,282,11,29074863.0,21,tri,a,2025/4/12
1540,11,71,19,29074863.0,15,tri,a,2025/4/12
1541,92,282,11,29074864.0,20,tri,d,2025/4/12
1542,2,91,13,29074865.0,57,tri,a,2025/4/12
1543,11,71,19,29074865.0,15,tri,d,2025/4/12
1544,70,116,14,29074867.0,28,tri,a,2025/4/12
1545,2,91,13,29074867.0,57,tri,d,2025/4/12
1546,70,116,14,29074868.0,27,tri,d,2025/4/12
1547,83,387,11,29074870.0,5,tri,a,2025/4/12
1548,13,116,23,29074873.0,24,tri,a,2025/4/12
1549,13,116,23,29074874.0,23,tri,d,2025/4/12
1550,94,397,10,29074875.0,13,tri,a,2025/4/12
1551,90,91,10,29074877.0,7,tri,a,2025/4/12
1552,90,91,10,29074878.0,3,tri,d,2025/4/12
1553,94,397,10,29074878.0,14,tri,d,2025/4/12
1554,15,108,16,29074879.0,119,tri,a,2025/4/12
1555,15,108,16,29074880.0,118,tri,d,2025/4/12
1556,2,317,14,29074881.0,56,tri,a,2025/4/12
1557,2,317,14,29074883.0,56,tri,d,2025/4/12
1558,14,378,23,29074889.0,7,ini,a,2025/4/12
1559,18,36,18,29074890.0,24,tri,a,2025/4/12
1560,14,378,23,29074890.0,6,tri,d,2025/4/12
1561,25,71,19,29074892.0,12,tri,a,2025/4/12
1562,25,71,19,29074893.0,11,tri,d,2025/4/12
1563,15,151,17,29074895.0,117,tri,a,2025/4/12
1564,94,140,11,29074896.0,15,ini,a,2025/4/12
1565,11,395,20,29074897.0,14,tri,a,2025/4/12
1566,38,71,6,29074897.0,114,tri,a,2025/4/12
1567,15,151,17,29074897.0,117,tri,d,2025/4/12
1568,94,140,11,29074898.0,15,tri,d,2025/4/12
1569,70,36,15,29074899.0,28,tri,a,2025/4/12
1570,38,71,6,29074900.0,115,ini,d,2025/4/12
1571,13,36,24,29074903.0,22,tri,a,2025/4/12
1572,92,418,12,29074907.0,18,tri,a,2025/4/12
1573,14,116,24,29074914.0,4,ini,a,2025/4/12
1574,14,116,24,29074915.0,3,tri,d,2025/4/12
1575,2,116,15,29074921.0,55,tri,a,2025/4/12
1576,94,338,12,29074922.0,16,ini,a,2025/4/12
1577,2,116,15,29074922.0,54,tri,d,2025/4/12
1578,25,395,20,29074925.0,10,tri,a,2025/4/12
1579,94,338,12,29074925.0,17,tri,d,2025/4/12
1580,90,116,11,29074927.0,2,tri,a,2025/4/12
1581,90,116,11,29074929.0,2,tri,d,2025/4/12
1582,15,297,18,29074930.0,117,tri,a,2025/4/12
1583,15,297,18,29074932.0,117,tri,d,2025/4/12
1584,38,395,7,29074933.0,114,tri,a,2025/4/12
1585,94,193,13,29074937.0,18,ini,a,2025/4/12
1586,94,193,13,29074939.0,18,tri,d,2025/4/12
1587,2,36,16,29074952.0,54,tri,a,2025/4/12
1588,94,3,14,29074954.0,16,tri,a,2025/4/12
1589,99,207,6,29074973.0,4,ini,a,2025/4/12
1590,15,71,19,29074985.0,116,tri,a,2025/4/12
1591,15,71,19,29074987.0,116,tri,d,2025/4/12
1592,15,395,20,29075018.0,115,tri,a,2025/4/12
1593,53,281,1,29075514.0,3,ini,a,2025/4/13
1594,53,281,1,29075515.0,1,tri,d,2025/4/13
1595,53,422,2,29075538.0,3,ini,a,2025/4/13
1596,53,422,2,29075539.0,2,tri,d,2025/4/13
1597,53,261,3,29075558.0,3,ini,a,2025/4/13
1598,53,261,3,29075560.0,3,tri,d,2025/4/13
1599,53,318,4,29075584.0,3,ini,a,2025/4/13
1600,53,318,4,29075586.0,2,tri,d,2025/4/13
1601,53,251,5,29075603.0,3,ini,a,2025/4/13
1602,53,251,5,29075608.0,1,tri,d,2025/4/13
1603,46,127,1,29075629.0,3,ini,a,2025/4/13
1604,46,127,1,29075631.0,3,tri,d,2025/4/13
1605,107,411,3,29075667.0,3,ini,a,2025/4/13
1606,107,411,3,29075670.0,2,tri,d,2025/4/13
1607,107,99,4,29075680.0,1,ini,a,2025/4/13
1608,53,98,6,29075822.0,7,ini,a,2025/4/13
1609,53,98,6,29075828.0,6,tri,d,2025/4/13
1610,73,248,1,29075851.0,4,ini,a,2025/4/13
1611,73,248,1,29075853.0,4,tri,d,2025/4/13
1612,53,25,7,29075869.0,12,tri,a,2025/4/13
1613,53,25,7,29075870.0,11,tri,d,2025/4/13
1614,107,287,5,29075883.0,6,ini,a,2025/4/13
1615,107,287,5,29075884.0,5,tri,d,2025/4/13
1616,71,385,2,29075889.0,7,ini,a,2025/4/13
1617,71,385,2,29075893.0,8,ini,d,2025/4/13
1618,73,385,2,29075894.0,6,ini,a,2025/4/13
1619,73,385,2,29075899.0,6,tri,d,2025/4/13
1620,107,44,6,29075901.0,6,ini,a,2025/4/13
1621,107,44,6,29075902.0,5,tri,d,2025/4/13
1622,53,249,8,29075904.0,10,tri,a,2025/4/13
1623,53,249,8,29075906.0,9,tri,d,2025/4/13
1624,108,133,1,29075915.0,1,ini,a,2025/4/13
1625,73,181,3,29075920.0,7,ini,a,2025/4/13
1626,109,381,4,29075921.0,12,ini,a,2025/4/13
1627,109,381,4,29075922.0,11,tri,d,2025/4/13
1628,73,181,3,29075922.0,7,tri,d,2025/4/13
1629,35,248,5,29075924.0,1,ini,a,2025/4/13
1630,35,248,5,29075926.0,1,tri,d,2025/4/13
1631,53,360,9,29075927.0,11,tri,a,2025/4/13
1632,53,360,9,29075928.0,10,tri,d,2025/4/13
1633,108,205,2,29075931.0,1,ini,a,2025/4/13
1634,107,363,7,29075931.0,5,ini,a,2025/4/13
1635,107,363,7,29075935.0,2,tri,d,2025/4/13
1636,53,29,10,29075942.0,12,tri,a,2025/4/13
1637,108,205,2,29075942.0,10,ini,d,2025/4/13
1638,53,29,10,29075943.0,11,tri,d,2025/4/13
1639,73,114,4,29075950.0,9,ini,a,2025/4/13
1640,73,114,4,29075952.0,9,tri,d,2025/4/13
1641,53,407,11,29075957.0,11,tri,a,2025/4/13
1642,53,407,11,29075958.0,9,tri,d,2025/4/13
1643,108,74,3,29075961.0,10,tri,a,2025/4/13
1644,107,205,8,29075962.0,3,ini,a,2025/4/13
1645,107,205,8,29075963.0,2,tri,d,2025/4/13
1646,108,74,3,29075964.0,11,ini,d,2025/4/13
1647,35,287,6,29075968.0,2,ini,a,2025/4/13
1648,35,287,6,29075969.0,1,tri,d,2025/4/13
1649,53,375,12,29075971.0,7,tri,a,2025/4/13
1650,94,44,1,29075971.0,27,ini,a,2025/4/13
1651,94,44,1,29075972.0,26,tri,d,2025/4/13
1652,53,375,12,29075973.0,6,tri,d,2025/4/13
1653,108,363,4,29075977.0,12,tri,a,2025/4/13
1654,110,77,8,29075980.0,8,ini,a,2025/4/13
1655,73,379,5,29075981.0,10,ini,a,2025/4/13
1656,110,77,8,29075982.0,5,tri,d,2025/4/13
1657,73,379,5,29075982.0,10,tri,d,2025/4/13
1658,108,363,4,29075985.0,6,tri,d,2025/4/13
1659,107,122,9,29075987.0,2,ini,a,2025/4/13
1660,35,44,7,29075987.0,3,ini,a,2025/4/13
1661,107,122,9,29075988.0,1,tri,d,2025/4/13
1662,35,44,7,29075988.0,2,tri,d,2025/4/13
1663,110,227,9,29075999.0,6,ini,a,2025/4/13
1664,110,227,9,29076000.0,5,tri,d,2025/4/13
1665,73,308,6,29076010.0,9,ini,a,2025/4/13
1666,73,308,6,29076012.0,9,tri,d,2025/4/13
1667,108,44,5,29076014.0,7,tri,a,2025/4/13
1668,108,44,5,29076015.0,6,tri,d,2025/4/13
1669,35,363,8,29076017.0,3,ini,a,2025/4/13
1670,94,248,2,29076024.0,26,tri,a,2025/4/13
1671,94,248,2,29076027.0,27,ini,d,2025/4/13
1672,53,269,13,29076032.0,19,ini,a,2025/4/13
1673,53,269,13,29076033.0,17,tri,d,2025/4/13
1674,110,385,10,29076043.0,8,ini,a,2025/4/13
1675,110,385,10,29076051.0,11,ini,d,2025/4/13
1676,53,363,14,29076058.0,18,tri,a,2025/4/13
1677,94,385,3,29076063.0,26,tri,a,2025/4/13
1678,53,363,14,29076063.0,14,tri,d,2025/4/13
1679,35,205,9,29076066.0,16,ini,a,2025/4/13
1680,35,205,9,29076067.0,15,tri,d,2025/4/13
1681,94,385,3,29076068.0,27,ini,d,2025/4/13
1682,108,248,6,29076075.0,14,ini,a,2025/4/13
1683,108,248,6,29076079.0,16,ini,d,2025/4/13
1684,110,248,11,29076086.0,10,ini,a,2025/4/13
1685,110,248,11,29076088.0,10,tri,d,2025/4/13
1686,53,205,15,29076091.0,14,tri,a,2025/4/13
1687,73,43,7,29076092.0,17,ini,a,2025/4/13
1688,35,122,10,29076092.0,15,tri,a,2025/4/13
1689,53,205,15,29076092.0,7,tri,d,2025/4/13
1690,35,122,10,29076094.0,13,tri,d,2025/4/13
1691,108,385,7,29076114.0,14,ini,a,2025/4/13
1692,94,77,4,29076115.0,24,tri,a,2025/4/13
1693,53,122,16,29076117.0,7,tri,a,2025/4/13
1694,94,77,4,29076117.0,18,tri,d,2025/4/13
1695,53,122,16,29076118.0,6,tri,d,2025/4/13
1696,108,385,7,29076123.0,14,tri,d,2025/4/13
1697,35,91,11,29076135.0,10,tri,a,2025/4/13
1698,35,91,11,29076136.0,9,tri,d,2025/4/13
1699,94,24,5,29076139.0,17,tri,a,2025/4/13
1700,94,24,5,29076141.0,17,tri,d,2025/4/13
1701,110,44,12,29076146.0,11,ini,a,2025/4/13
1702,110,44,12,29076149.0,12,tri,d,2025/4/13
1703,53,91,17,29076159.0,5,tri,a,2025/4/13
1704,53,91,17,29076160.0,4,tri,d,2025/4/13
1705,94,411,6,29076167.0,16,tri,a,2025/4/13
1706,94,411,6,29076169.0,16,tri,d,2025/4/13
1707,108,77,8,29076173.0,15,tri,a,2025/4/13
1708,53,317,18,29076174.0,4,tri,a,2025/4/13
1709,108,77,8,29076175.0,15,tri,d,2025/4/13
1710,53,317,18,29076176.0,4,tri,d,2025/4/13
1711,110,363,13,29076183.0,18,ini,a,2025/4/13
1712,94,428,7,29076186.0,17,tri,a,2025/4/13
1713,110,363,13,29076187.0,13,tri,d,2025/4/13
1714,94,428,7,29076189.0,18,ini,d,2025/4/13
1715,108,24,9,29076198.0,14,tri,a,2025/4/13
1716,110,74,14,29076199.0,12,ini,a,2025/4/13
1717,108,24,9,29076199.0,13,tri,d,2025/4/13
1718,110,74,14,29076201.0,12,tri,d,2025/4/13
1719,94,263,8,29076212.0,19,ini,a,2025/4/13
1720,35,36,12,29076212.0,9,tri,a,2025/4/13
1721,94,263,8,29076214.0,19,tri,d,2025/4/13
1722,35,36,12,29076215.0,6,tri,d,2025/4/13
1723,53,116,19,29076216.0,5,tri,a,2025/4/13
1724,53,116,19,29076217.0,3,tri,d,2025/4/13
1725,108,411,10,29076226.0,13,tri,a,2025/4/13
1726,108,411,10,29076228.0,13,tri,d,2025/4/13
1727,110,122,15,29076239.0,10,ini,a,2025/4/13
1728,110,122,15,29076241.0,10,tri,d,2025/4/13
1729,94,64,9,29076242.0,19,ini,a,2025/4/13
1730,94,64,9,29076247.0,22,ini,d,2025/4/13
1731,108,263,11,29076262.0,14,tri,a,2025/4/13
1732,108,263,11,29076264.0,10,tri,d,2025/4/13
1733,35,362,13,29076270.0,5,ini,a,2025/4/13
1734,110,91,16,29076279.0,5,ini,a,2025/4/13
1735,110,91,16,29076280.0,4,tri,d,2025/4/13
1736,108,66,12,29076302.0,9,tri,a,2025/4/13
1737,94,47,10,29076302.0,22,tri,a,2025/4/13
1738,94,47,10,29076304.0,22,tri,d,2025/4/13
1739,110,378,17,29076308.0,4,ini,a,2025/4/13
1740,110,378,17,29076310.0,3,tri,d,2025/4/13
1741,111,116,13,29076323.0,2,ini,a,2025/4/13
1742,94,397,11,29076324.0,22,tri,a,2025/4/13
1743,111,116,13,29076324.0,1,tri,d,2025/4/13
1744,94,397,11,29076326.0,22,tri,d,2025/4/13
1745,94,140,12,29076344.0,23,tri,a,2025/4/13
1746,94,140,12,29076345.0,22,tri,d,2025/4/13
1747,94,338,13,29076367.0,21,tri,a,2025/4/13
1748,94,338,13,29076368.0,20,tri,d,2025/4/13
1749,94,193,14,29076381.0,22,tri,a,2025/4/13
1750,94,193,14,29076382.0,21,tri,d,2025/4/13
1751,94,3,15,29076397.0,19,tri,a,2025/4/13
1752,112,77,1,29077286.0,2,ini,a,2025/4/14
1753,112,381,2,29077380.0,10,ini,a,2025/4/14
1754,112,381,2,29077382.0,10,tri,d,2025/4/14
1755,112,183,3,29077394.0,11,ini,a,2025/4/14
1756,112,183,3,29077395.0,10,tri,d,2025/4/14
1757,112,8,4,29077412.0,12,ini,a,2025/4/14
1758,112,8,4,29077413.0,11,tri,d,2025/4/14
1759,112,377,5,29077427.0,12,ini,a,2025/4/14
1760,112,377,5,29077432.0,12,tri,d,2025/4/14
1761,112,370,6,29077452.0,15,ini,a,2025/4/14
1762,112,370,6,29077454.0,15,tri,d,2025/4/14
1763,112,134,7,29077471.0,14,tri,a,2025/4/14
1764,112,134,7,29077472.0,13,tri,d,2025/4/14
1765,112,192,8,29077485.0,12,tri,a,2025/4/14
1766,112,192,8,29077488.0,13,tri,d,2025/4/14
1767,75,251,1,29077543.0,2,ini,a,2025/4/14
1768,75,251,1,29077545.0,2,tri,d,2025/4/14
1769,75,262,2,29077568.0,3,ini,a,2025/4/14
1770,75,262,2,29077570.0,3,tri,d,2025/4/14
1771,112,347,9,29077584.0,25,ini,a,2025/4/14
1772,112,347,9,29077588.0,27,ini,d,2025/4/14
1773,75,282,3,29077598.0,4,ini,a,2025/4/14
1774,75,282,3,29077599.0,3,tri,d,2025/4/14
1775,112,348,10,29077603.0,33,ini,a,2025/4/14
1776,112,348,10,29077605.0,29,tri,d,2025/4/14
1777,112,258,11,29077617.0,30,ini,a,2025/4/14
1778,112,258,11,29077618.0,28,tri,d,2025/4/14
1779,75,348,4,29077638.0,3,ini,a,2025/4/14
1780,112,291,12,29077639.0,29,tri,a,2025/4/14
1781,75,348,4,29077640.0,3,tri,d,2025/4/14
1782,112,291,12,29077640.0,27,tri,d,2025/4/14
1783,112,294,13,29077652.0,28,tri,a,2025/4/14
1784,113,294,13,29077656.0,18,ini,a,2025/4/14
1785,113,294,13,29077656.0,18,tri,d,2025/4/14
1786,112,294,13,29077657.0,31,tri,d,2025/4/14
1787,75,104,5,29077694.0,10,ini,a,2025/4/14
1788,75,104,5,29077696.0,10,tri,d,2025/4/14
1789,75,344,6,29077715.0,12,ini,a,2025/4/14
1790,114,69,1,29078591.0,4,ini,a,2025/4/15
1791,114,69,1,29078592.0,3,tri,d,2025/4/15
1792,114,75,2,29078704.0,13,ini,a,2025/4/15
1793,114,75,2,29078709.0,12,tri,d,2025/4/15
1794,114,211,3,29078795.0,11,tri,a,2025/4/15
1795,114,211,3,29078797.0,11,tri,d,2025/4/15
1796,114,296,4,29078852.0,8,tri,a,2025/4/15
1797,114,296,4,29078853.0,7,tri,d,2025/4/15
1798,115,378,1,29078860.0,11,ini,a,2025/4/15
1799,115,378,1,29078862.0,13,tri,d,2025/4/15
1800,116,378,1,29078864.0,10,ini,a,2025/4/15
1801,116,378,1,29078865.0,11,ini,d,2025/4/15
1802,117,378,1,29078876.0,15,ini,a,2025/4/15
1803,117,378,1,29078877.0,14,tri,d,2025/4/15
1804,40,378,1,29078883.0,24,ini,a,2025/4/15
1805,40,378,1,29078884.0,23,tri,d,2025/4/15
1806,118,378,1,29078888.0,18,ini,a,2025/4/15
1807,118,378,1,29078889.0,17,tri,d,2025/4/15
1808,119,378,1,29078892.0,10,ini,a,2025/4/15
1809,119,378,1,29078892.0,10,tri,d,2025/4/15
1810,120,116,1,29078896.0,27,ini,a,2025/4/15
1811,117,317,2,29078896.0,14,tri,a,2025/4/15
1812,114,79,5,29078897.0,6,tri,a,2025/4/15
1813,117,317,2,29078897.0,13,tri,d,2025/4/15
1814,120,116,1,29078898.0,26,tri,d,2025/4/15
1815,114,79,5,29078902.0,4,tri,d,2025/4/15
1816,40,116,2,29078910.0,23,tri,a,2025/4/15
1817,40,116,2,29078911.0,22,tri,d,2025/4/15
1818,117,91,3,29078912.0,14,tri,a,2025/4/15
1819,114,391,6,29078913.0,3,tri,a,2025/4/15
1820,117,91,3,29078914.0,12,tri,d,2025/4/15
1821,114,391,6,29078915.0,2,tri,d,2025/4/15
1822,120,36,2,29078928.0,26,tri,a,2025/4/15
1823,120,36,2,29078932.0,18,tri,d,2025/4/15
1824,40,36,3,29078941.0,22,tri,a,2025/4/15
1825,40,36,3,29078949.0,21,tri,d,2025/4/15
1826,117,122,4,29078951.0,6,tri,a,2025/4/15
1827,117,122,4,29078953.0,6,tri,d,2025/4/15
1828,120,226,3,29078961.0,18,tri,a,2025/4/15
1829,120,226,3,29078962.0,15,tri,d,2025/4/15
1830,114,161,7,29078980.0,2,tri,a,2025/4/15
1831,120,255,4,29078981.0,15,tri,a,2025/4/15
1832,120,255,4,29078982.0,14,tri,d,2025/4/15
1833,40,9,4,29078988.0,19,tri,a,2025/4/15
1834,40,9,4,29078990.0,19,tri,d,2025/4/15
1835,117,74,5,29078991.0,4,tri,a,2025/4/15
1836,117,74,5,29078992.0,3,tri,d,2025/4/15
1837,120,362,5,29079003.0,15,tri,a,2025/4/15
1838,117,363,6,29079004.0,2,tri,a,2025/4/15
1839,117,363,6,29079008.0,1,tri,d,2025/4/15
1840,40,94,5,29079016.0,17,tri,a,2025/4/15
1841,40,94,5,29079017.0,16,tri,d,2025/4/15
1842,40,61,6,29079039.0,16,tri,a,2025/4/15
1843,40,61,6,29079041.0,16,tri,d,2025/4/15
1844,40,221,7,29079059.0,16,tri,a,2025/4/15
1845,121,105,14,29079112.0,33,ini,a,2025/4/15
1846,121,105,14,29079113.0,32,tri,d,2025/4/15
1847,21,101,1,29080273.0,17,ini,a,2025/4/16
1848,21,101,1,29080273.0,17,tri,d,2025/4/16
1849,10,196,1,29080275.0,5,ini,d,2025/4/16
1850,122,101,1,29080280.0,22,ini,a,2025/4/16
1851,122,101,1,29080280.0,22,tri,d,2025/4/16
1852,21,289,2,29080298.0,17,ini,a,2025/4/16
1853,21,289,2,29080299.0,16,tri,d,2025/4/16
1854,123,196,1,29080302.0,43,ini,a,2025/4/16
1855,123,196,1,29080302.0,43,tri,d,2025/4/16
1856,10,101,2,29080306.0,26,ini,a,2025/4/16
1857,10,101,2,29080306.0,26,tri,d,2025/4/16
1858,124,196,1,29080310.0,43,ini,a,2025/4/16
1859,124,196,1,29080310.0,43,tri,d,2025/4/16
1860,10,312,3,29080313.0,25,ini,a,2025/4/16
1861,125,196,1,29080314.0,40,ini,a,2025/4/16
1862,125,196,1,29080314.0,40,tri,d,2025/4/16
1863,10,312,3,29080314.0,24,tri,d,2025/4/16
1864,126,101,1,29080322.0,32,ini,a,2025/4/16
1865,126,101,1,29080324.0,32,tri,d,2025/4/16
1866,127,196,1,29080325.0,15,ini,a,2025/4/16
1867,127,196,1,29080325.0,15,tri,d,2025/4/16
1868,128,101,1,29080327.0,26,ini,a,2025/4/16
1869,128,101,1,29080327.0,26,tri,d,2025/4/16
1870,129,101,1,29080331.0,22,ini,a,2025/4/16
1871,129,101,1,29080331.0,22,tri,d,2025/4/16
1872,21,10,3,29080334.0,17,tri,a,2025/4/16
1873,21,10,3,29080336.0,17,tri,d,2025/4/16
1874,10,289,4,29080338.0,25,tri,a,2025/4/16
1875,10,289,4,29080339.0,24,tri,d,2025/4/16
1876,10,360,5,29080381.0,24,tri,a,2025/4/16
1877,10,360,5,29080382.0,23,tri,d,2025/4/16
1878,10,407,6,29080403.0,24,tri,a,2025/4/16
1879,10,407,6,29080404.0,23,tri,d,2025/4/16
1880,10,231,7,29080430.0,21,tri,a,2025/4/16
1881,21,363,4,29080432.0,17,tri,a,2025/4/16
1882,10,231,7,29080432.0,15,tri,d,2025/4/16
1883,21,363,4,29080436.0,9,tri,d,2025/4/16
1884,10,88,8,29080450.0,14,tri,a,2025/4/16
1885,10,88,8,29080451.0,12,tri,d,2025/4/16
1886,21,122,5,29080483.0,7,tri,a,2025/4/16
1887,21,122,5,29080484.0,6,tri,d,2025/4/16
1888,10,363,9,29080490.0,14,tri,a,2025/4/16
1889,10,363,9,29080496.0,13,tri,d,2025/4/16
1890,10,205,10,29080525.0,14,tri,a,2025/4/16
1891,21,91,6,29080526.0,6,tri,a,2025/4/16
1892,21,91,6,29080527.0,5,tri,d,2025/4/16
1893,10,205,10,29080527.0,14,tri,d,2025/4/16
1894,10,122,11,29080552.0,14,tri,a,2025/4/16
1895,21,378,7,29080558.0,7,tri,a,2025/4/16
1896,21,378,7,29080559.0,6,tri,d,2025/4/16
1897,130,104,15,29080562.0,34,ini,a,2025/4/16
1898,21,116,8,29080585.0,6,tri,a,2025/4/16
1899,21,116,8,29080586.0,5,tri,d,2025/4/16
1900,10,91,12,29080595.0,12,tri,a,2025/4/16
1901,10,91,12,29080597.0,11,tri,d,2025/4/16
1902,10,122,11,29080617.0,77,tri,d,2025/4/16
1903,10,116,13,29080648.0,12,tri,a,2025/4/16
1904,10,116,13,29080651.0,13,tri,d,2025/4/16
1905,10,36,14,29080680.0,12,tri,a,2025/4/16
1906,131,69,1,29081543.0,12,ini,a,2025/4/17
1907,131,69,1,29081544.0,11,tri,d,2025/4/17
1908,131,389,2,29081577.0,14,ini,a,2025/4/17
1909,131,389,2,29081578.0,13,tri,d,2025/4/17
1910,131,75,3,29081666.0,15,ini,a,2025/4/17
1911,131,75,3,29081671.0,14,tri,d,2025/4/17
1912,131,211,4,29081760.0,12,tri,a,2025/4/17
1913,131,211,4,29081762.0,12,tri,d,2025/4/17
1914,131,296,5,29081816.0,3,tri,a,2025/4/17
1915,131,296,5,29081817.0,2,tri,d,2025/4/17
1916,131,79,6,29081861.0,1,tri,a,2025/4/17
1917,132,386,1,29083370.0,1,ini,a,2025/4/18
1918,132,385,2,29083415.0,24,ini,d,2025/4/18
1919,132,227,3,29083466.0,37,ini,a,2025/4/18
1920,132,227,3,29083468.0,37,tri,d,2025/4/18
1921,132,77,4,29083485.0,38,tri,a,2025/4/18
1922,132,77,4,29083487.0,38,tri,d,2025/4/18
1923,132,396,5,29083494.0,2,ini,a,2025/4/18
1924,132,396,5,29083495.0,1,tri,d,2025/4/18
1925,132,310,6,29083505.0,38,tri,a,2025/4/18
1926,132,310,6,29083506.0,37,tri,d,2025/4/18
1927,132,165,7,29083540.0,39,tri,a,2025/4/18
1928,132,165,7,29083554.0,30,tri,d,2025/4/18
1929,132,193,8,29083566.0,1,ini,a,2025/4/18
1930,133,3,2,29083567.0,3,ini,a,2025/4/18
1931,134,3,2,29083571.0,2,ini,a,2025/4/18
1932,133,3,2,29083573.0,5,ini,d,2025/4/18
1933,132,208,9,29083574.0,31,tri,a,2025/4/18
1934,132,208,9,29083577.0,32,ini,d,2025/4/18
1935,134,3,2,29083583.0,3,tri,d,2025/4/18
1936,132,278,10,29083590.0,33,ini,a,2025/4/18
1937,132,278,10,29083592.0,33,tri,d,2025/4/18
1938,135,3,2,29083594.0,8,ini,a,2025/4/18
1939,132,3,11,29083598.0,12,ini,a,2025/4/18
1940,132,252,12,29083635.0,32,ini,a,2025/4/18
1941,135,47,1,29084908.0,4,ini,a,2025/4/19
1942,135,47,1,29084910.0,4,tri,d,2025/4/19
1943,135,193,2,29085006.0,1,ini,a,2025/4/19
1944,136,116,3,29085697.0,1,ini,a,2025/4/20
1945,136,40,4,29085720.0,3,ini,a,2025/4/20
1946,136,40,4,29085721.0,2,tri,d,2025/4/20
1947,114,69,1,29085798.0,11,ini,a,2025/4/20
1948,114,69,1,29085800.0,11,tri,d,2025/4/20
1949,114,75,2,29085912.0,21,ini,a,2025/4/20
1950,114,75,2,29085918.0,21,tri,d,2025/4/20
1951,136,248,5,29085939.0,1,ini,d,2025/4/20
1952,114,211,3,29086006.0,22,tri,a,2025/4/20
1953,114,211,3,29086008.0,22,tri,d,2025/4/20
1954,137,241,1,29086043.0,15,ini,a,2025/4/20
1955,137,241,1,29086044.0,14,tri,d,2025/4/20
1956,137,395,2,29086060.0,9,ini,a,2025/4/20
1957,114,296,4,29086062.0,18,tri,a,2025/4/20
1958,114,296,4,29086063.0,17,tri,d,2025/4/20
1959,114,79,5,29086107.0,16,tri,a,2025/4/20
1960,114,79,5,29086111.0,13,tri,d,2025/4/20
1961,114,391,6,29086122.0,12,tri,a,2025/4/20
1962,114,391,6,29086124.0,11,tri,d,2025/4/20
1963,114,161,7,29086189.0,11,tri,a,2025/4/20
1964,114,161,7,29086191.0,7,tri,d,2025/4/20
1965,114,225,8,29086216.0,7,tri,a,2025/4/20
1966,114,225,8,29086217.0,5,tri,d,2025/4/20
1967,114,131,9,29086239.0,4,tri,a,2025/4/20
1968,114,131,9,29086240.0,2,tri,d,2025/4/20
1969,138,420,5,29086285.0,1,ini,a,2025/4/20
1970,138,420,5,29086287.0,1,tri,d,2025/4/20
1971,139,104,6,29086394.0,11,ini,a,2025/4/20
1972,139,104,6,29086394.0,11,tri,d,2025/4/20
1973,138,104,6,29086398.0,4,tri,a,2025/4/20
1974,138,104,6,29086401.0,5,tri,d,2025/4/20
1975,138,344,7,29086419.0,5,tri,a,2025/4/20
1976,35,384,1,29088846.0,4,ini,a,2025/4/22
1977,140,384,1,29088850.0,3,ini,a,2025/4/22
1978,35,384,1,29088851.0,5,ini,d,2025/4/22
1979,140,384,1,29088854.0,3,tri,d,2025/4/22
1980,35,248,2,29088888.0,5,tri,a,2025/4/22
1981,35,248,2,29088890.0,5,tri,d,2025/4/22
1982,35,287,3,29088932.0,6,tri,a,2025/4/22
1983,35,287,3,29088934.0,6,tri,d,2025/4/22
1984,35,44,4,29088951.0,7,tri,a,2025/4/22
1985,35,44,4,29088953.0,7,tri,d,2025/4/22
1986,35,363,5,29088981.0,7,tri,a,2025/4/22
1987,35,363,5,29088985.0,3,tri,d,2025/4/22
1988,35,205,6,29089011.0,1,tri,a,2025/4/22
1989,75,262,1,29090527.0,2,ini,a,2025/4/23
1990,75,262,1,29090528.0,1,tri,d,2025/4/23
1991,75,282,2,29090556.0,2,ini,a,2025/4/23
1992,75,282,2,29090557.0,1,tri,d,2025/4/23
1993,75,348,3,29090597.0,2,ini,a,2025/4/23
1994,75,348,3,29090599.0,2,tri,d,2025/4/23
1995,75,104,4,29090649.0,5,ini,a,2025/4/23
1996,75,104,4,29090651.0,5,tri,d,2025/4/23
1997,75,344,5,29090670.0,7,tri,a,2025/4/23
